"키워드","월 검색량"
"기름값 오르는 이유","1900"
"미국 기름값","1600"
"기름값 전망","1300"
"기름값 계산","880"
"기름값 인하","880"
"기름값 계산기","480"
"서울 기름값","480"
"기름값 추이","390"
"기름값 시세","260"
"기름값 상승","210"
"100km 기름값","170"
"기름값 그래프","170"
"기름값 비교","140"
"기름값 언제 내리나","140"
"기름값 싼곳","90"
"부산 기름값","70"
"대구 기름값","50"
"기름값 검색","40"
"기름값 가격","20"
"기름값 뉴스","10"
"기름값계산기 네이버","0"
"기름값 경유","0"
"기름값 계산법","0"
"기름값 구조","0"
"기름값 근황","0"
"기름값 급락","0"
"기름값 기사","0"
"기름값 나무위키","0"
"기름값 남친","0"
"기름값 내기 싫어서","0"
"기름값 단위","0"
"기름값 담합","0"
"기름값 대중교통","0"
"기름값 대책","0"
"기름값 더치","0"
"기름값 더치페이","0"
"기름값 더쿠","0"
"기름값 데이터","0"
"기름값 동향","0"
"기름값 디시","0"
"기름값 오르는 이유 러시아","0"