,title,description,originallink,link,pubDate
0,"'통큰치킨'때 난리였는데…치킨집들 '당당치킨'엔 뜻밖 반응, 왜","사용하는 닭의 크기가 다르고, 식용유·튀김기름 등 부재료 차이도 염두에 둬야 한다고도 했다. 또 다른 업체 관계자는 “프랜차이즈마다 물류·구매 시스템 등이 달라 수익이 과도하다는 것은 일부의 얘기”라고... ",https://www.joongang.co.kr/article/25095254,https://n.news.naver.com/mnews/article/025/0003217556?sid=101,"Thu, 18 Aug 2022 16:14:00 +0900"
1,"[치킨 전쟁 민낯①]""6990원 팔아도 이익""…3만원 외친 BBQ 얼마 남기나","소비자들 사이에서도 ""그렇게 가맹점주를 걱정한다면 본사에서 가맹점에 납품하는 생닭, 파우더, 기름 등 필수 품목 가격을 낮추라""는 의견이 나왔다. 본사가 치킨 가격 탓을 하면서도 정작 필수 품목은 납품가를 올려... ",http://www.newsway.co.kr/news/view?tp=1&ud=2022081807474621520,http://www.newsway.co.kr/news/view?tp=1&ud=2022081807474621520,"Thu, 18 Aug 2022 15:24:00 +0900"
2,'쌀의 날' 걱정…가격 폭락 재고 가득 기업들이 사준다고 쌀 소비 늘어날까,"농업용 경유는 작년 7월 기준 L당 838원이었는데, 올해 7월의 경우 1651원으로 두 배 가까이 급증하면서 기름을 붓고 있다. ◆재고 쌀에 보관할 창고도 없다 지난달 기준 전국 농협 쌀 재고량은 42만8000t으로 전년(23만7000t)... ",http://www.smedaily.co.kr/news/articleView.html?idxno=236933,http://www.smedaily.co.kr/news/articleView.html?idxno=236933,"Thu, 18 Aug 2022 14:12:00 +0900"
3,‘270만호 공급’ 하향 안정화 속도 붙일까… 양극화 기름 부을수도,금리 인상기+대규모 공급책 수요자 관망세 키울 수 있어 서울 아파트값 11주째 하락 재건축 규제 완화 영향 ‘변수’ [천지일보=남승우 기자] 윤석열 정부의 첫 주택공급대책이 발표된 16일 서울 남산에서 바라본... ,http://www.newscj.com/article/20220817580528,http://www.newscj.com/article/20220817580528,"Thu, 18 Aug 2022 07:02:00 +0900"
4,"주유소 기름값 6주째 하락…휘발유 1600원, 경유 1700원대 등장",= 국제유가 하락으로 기름 값이 6주 연속 하락세를 보이고 있는 가운데 17일 대전 서구 도마동의 한 주유소에서 시민이 기름을 넣고 있다. token77@,http://www.joongdo.co.kr/web/view.php?key=20220817010004809,http://www.joongdo.co.kr/web/view.php?key=20220817010004809,"Wed, 17 Aug 2022 16:58:00 +0900"
5,내가 너를 지명하여 불렀나니 ... [짐바브웨 김문식 선교사],되어서야 기름 부음을 받습니다. 한편으로는 창피하지만 60세에도 내치지 않으시고 사용하시려고 기름을 부으시는 하나님의 은총에 그저 감사할 따름입니다. 아브라함도 창세기 12장에 하나님의 부르심에 순종하여 화란의... ,https://www.cts.tv/mission300/detail_mission/484/7261,https://www.cts.tv/mission300/detail_mission/484/7261,"Wed, 17 Aug 2022 09:28:00 +0900"
6,"드럼세탁기 또 '펑'…""구매 4개월, 면 빨래 도중 유리문 산산조각""","그러면서 ""유리를 문에 붙일 때 붙이는 면에 이물질이나 기름 성분이 있으면 접착력이 약해진다. 제조 과정에서 이런 실수가 있지 않았을까 예상한다. 지난 폭발 사건 이후로 폭발 사례가 접수된 적 없다""고 전했다.",https://www.news1.kr/articles/4774974,https://n.news.naver.com/mnews/article/421/0006281331?sid=102,"Wed, 17 Aug 2022 09:22:00 +0900"
7,[최원준의 음식 사람] <64> 포항 물회,으뜸은 기름가자미 물회 - 집집이 다른 담근 장맛도 매력 - 고깃배에서 한 끼 때우던 음식 - 전국 먹거리로... 일명 ‘돈지 물회’라 부르는 ‘문치가자미 물회’와 ‘미주구리 물회’라 부르는 ‘기름가자미 물회’가... ,http://www.kookje.co.kr/news2011/asp/newsbody.asp?code=0500&key=20220817.22014003720,https://n.news.naver.com/mnews/article/658/0000017571?sid=103,"Wed, 17 Aug 2022 03:02:00 +0900"
8,[ET] “한 마리 5990원”…말복에 ‘치킨 오픈런’ 한 시간 만에 동났다,"쓰는 닭의 크기부터 기름 등이 '마트표 치킨'과는 모두 다르다는 겁니다. 여기에 프랜차이즈 매장을 운영하는데 들어가는 임대료, 인건비도 빼놓을 수 없다고 설명합니다. 치킨값이 고공행진을 하는 데는 대형... ",https://news.kbs.co.kr/news/view.do?ncd=5534062&amp;ref=A,https://n.news.naver.com/mnews/article/056/0011321685?sid=102,"Tue, 16 Aug 2022 18:01:00 +0900"
9,"""부자 감세 해주고 나라 재산 팔아서 메꾸네""",이동주 더불어민주당 의원은 지난 11일 한국자산관리공사(캠코)에서 제출받은 '매각확대 추진 국유재산 항목'을 근거로 매각추진 국유재산 9곳 가운데 6곳이 서울 강남구에 위치 건물이라고 논란에 기름을 부었다.... ,http://www.bigtanews.co.kr/news/articleView.html?idxno=11529,http://www.bigtanews.co.kr/news/articleView.html?idxno=11529,"Tue, 16 Aug 2022 10:58:00 +0900"
10,"'중국발 악재'에도 美증시 'UP', 유가 80달러대 '뚝↓'[뉴욕마감]","대신 기름을 사용해 난방을 할 수 있다""고 밝혔다. 러시아가 서방의 경제재제에 대한 보복조치로 유럽에 대한 천연가스 판매 통제를 더욱 강화함에 따라, 유럽의 전력회사들은 가스를 대체하기 위해 더 많은 기름을... ",http://news.mt.co.kr/mtview.php?no=2022081606522666192,https://n.news.naver.com/mnews/article/008/0004783133?sid=101,"Tue, 16 Aug 2022 06:58:00 +0900"
11,WTI 유가 80달러대로 '뚝↓'…더 떨어질까?,"대신 기름을 사용해 난방을 할 수 있다""고 밝혔다. 러시아가 서방의 경제 제재에 대한 보복조치로 유럽에 대한 천연가스 판매 통제를 더욱 강화함에 따라, 유럽의 전력회사들은 가스를 대체하기 위해 더 많은 기름을... ",http://news.mt.co.kr/mtview.php?no=2022081606175122374,https://n.news.naver.com/mnews/article/008/0004783127?sid=101,"Tue, 16 Aug 2022 06:22:00 +0900"
12,[인터뷰] ‘1마리 6990원’ 당당치킨 개발자 “맛이 심심하다고? 그게 비결”,지날수록 기름기가 빠지면서 느끼하고 퍽퍽해진다. 소금이 많이 들어갈수록 삼투압(액체가 저농도에서... 염지를 강하게 하면 바로 먹을 땐 맛있지만 시간이 지나면 기름이 빠지면서 느끼하고 퍽퍽해진다. 염지를 약하게... ,https://biz.chosun.com/distribution/channel/2022/08/16/IOAFWQ3LHJHBTJZ3Z6F3RS26JA/?utm_source=naver&utm_medium=original&utm_campaign=biz,https://n.news.naver.com/mnews/article/366/0000834261?sid=101,"Tue, 16 Aug 2022 06:01:00 +0900"
13,"정유 4사, 상반기에만 12조 벌어 '역대 최대'…'횡재세' 논란 재점화","많은 분이 치솟는 기름값에 ""차 놓고 걸어 다닐 판""이라며 힘들어했는데요. 같은 기간 국내 4대 정유사는... 이걸 감안하면 정유사는 기름을 팔면 팔수록 정제마진에 따른 이익도 더 커졌던 것이죠. 그래서 정유사가 일정... ",https://news.jtbc.co.kr/article/article.aspx?news_id=NB12070823,https://n.news.naver.com/mnews/article/437/0000309868?sid=101,"Mon, 15 Aug 2022 14:21:00 +0900"
14,.내가 너를 지명하여 불렀나니... [짐바브웨 김문식 선교사],되어서야 기름 부음을 받습니다. 한편으로는 창피하지만 60세에도 내치지 않으시고 사용하시려고 기름을 부으시는 하나님의 은총에 그저 감사할 따름입니다. 아브라함도 창세기 12장에 하나님의 부르심에 순종하여 화란의... ,https://www.cts.tv/mission300/detail_mission/330/7258,https://www.cts.tv/mission300/detail_mission/330/7258,"Mon, 15 Aug 2022 11:46:00 +0900"
15,"[전국 오늘의 날씨 및 내일날씨]오후부터 장마전선 영향 강한 비, 경기동부, ...",물이 빠져나가고 있을 때에는 기름이나 동물 사체 등 오염된 경우가 많으므로 물에서 멀리 떨어져 있도록 합니다. 수돗물이나 저장되었던 식수는 오염 여부를 확인한 후에 사용합니다. 침수된 음식이나 재료는... ,http://www.jejuilbo.net/news/articleView.html?idxno=188766,http://www.jejuilbo.net/news/articleView.html?idxno=188766,"Mon, 15 Aug 2022 07:36:00 +0900"
16,기후변화 경제학자 이지웅 교수 “그린플레이션? 비용 감당 없는 탄소 중립 달...,"“탄소세 도입됐다면 기름 값 2000원이었을 것 지구 평균 온도 2도 올라가면  GDP 감소” 친환경 사회로 변모하기 위해 노력할 수록 치러야 하는 전반적인 비용이 오르고, 이로 인해 물가 상승을 유발한다는... ",https://biz.chosun.com/policy/policy_sub/2022/08/15/IKT4W7AT4JGB5FSYD5J22ZAGG4/?utm_source=naver&utm_medium=original&utm_campaign=biz,https://n.news.naver.com/mnews/article/366/0000834139?sid=101,"Mon, 15 Aug 2022 06:01:00 +0900"
17,기름값 6주째 하락… 경유값 역전은 여전,국제유가 하락으로 기름값이 6주 연속 하락세를 이어 간 끝에 전국 휘발유 평균 가격이 리터(ℓ)당 1794.06원까지 떨어진 14일 한 시민이 서울 서초구 만남의광장 셀프주유소에서 차에 기름을 넣고 있다. 이날 휘발유... ,https://www.seoul.co.kr/news/newsView.php?id=20220815015009&wlog_tag3=naver,https://n.news.naver.com/mnews/article/081/0003294443?sid=101,"Mon, 15 Aug 2022 05:03:00 +0900"
18,생존위협 VS 물가안정… 6990원 당당치킨 논란,"한 치킨 전문점 운영자는 “프랜차이즈 본사에서 자회사를 만들어 생닭, 기름, 양념까지 전부 도매가격보다 비싸게 판매하는 지금의 구조로는 자영업자가 가격 경쟁에서 살아남기 힘들다. 구조 개혁이 없다면 이... ",https://news.kmib.co.kr/article/view.asp?arcid=0924259254&code=11151400&cp=nv,https://n.news.naver.com/mnews/article/005/0001546463?sid=101,"Mon, 15 Aug 2022 04:11:00 +0900"
19,“6990원 치킨 응원합니다” 고물가에 소비자가 변했다,"한 치킨 전문점 운영자는 “프랜차이즈 본사에서 자회사를 만들어 생닭, 기름, 양념까지 전부 도매가격보다 비싸게 판매하는 지금의 구조로는 자영업자가 가격경쟁에서 살아남기 힘들다. 구조 개혁이 없다면 이... ",https://news.kmib.co.kr/article/view.asp?arcid=0017372442&code=61141111&cp=nv,https://n.news.naver.com/mnews/article/005/0001546349?sid=101,"Sun, 14 Aug 2022 17:48:00 +0900"
20,"[전국 오늘 및 내일날씨]8호 태풍 메아리 현재 위치 및 경로, 내일오후부터 장...",물이 빠져나가고 있을 때에는 기름이나 동물 사체 등 오염된 경우가 많으므로 물에서 멀리 떨어져 있도록 합니다. 수돗물이나 저장되었던 식수는 오염 여부를 확인한 후에 사용합니다. 침수된 음식이나 재료는... ,http://www.economytalk.kr/news/articleView.html?idxno=224848,http://www.economytalk.kr/news/articleView.html?idxno=224848,"Sun, 14 Aug 2022 17:30:00 +0900"
21,[경다방] 전세계에서 보조금 가장 많이 준다?…배터리 교환에서 화재까지 전기...,□ 권용주: 기름 넣을 때는 주차와 충전이 없잖아요. ■ 안보라: 예. □ 권용주: '정차'와 '주유'가 있지. ■ 안보라: 그렇죠. □ 권용주: 여기는 '주차'와 '충전'이거든요. ■ 안보라: 계속…. 그렇죠. □ 권용주: 그러니까... ,https://www.ytn.co.kr/_ln/0102_202208141159114886,https://n.news.naver.com/mnews/article/052/0001777135?sid=101,"Sun, 14 Aug 2022 11:59:00 +0900"
22,"[전국 오늘의 날씨]수도권 내일까지 가끔 비, 8호 태풍 메아리 도쿄 강타, 2차...",물이 빠져나가고 있을 때에는 기름이나 동물 사체 등 오염된 경우가 많으므로 물에서 멀리 떨어져 있도록 합니다. 수돗물이나 저장되었던 식수는 오염 여부를 확인한 후에 사용합니다. 침수된 음식이나 재료는... ,http://www.economytalk.kr/news/articleView.html?idxno=224847,http://www.economytalk.kr/news/articleView.html?idxno=224847,"Sun, 14 Aug 2022 08:40:00 +0900"
23,"[전국 오늘의 날씨]8호 태풍 메아리 도쿄 강타, 2차장마(가을장마) 언제까지?",물이 빠져나가고 있을 때에는 기름이나 동물 사체 등 오염된 경우가 많으므로 물에서 멀리 떨어져 있도록 합니다. 수돗물이나 저장되었던 식수는 오염 여부를 확인한 후에 사용합니다. 침수된 음식이나 재료는... ,http://www.jejuilbo.net/news/articleView.html?idxno=188762,http://www.jejuilbo.net/news/articleView.html?idxno=188762,"Sun, 14 Aug 2022 07:46:00 +0900"
24,"[내일 날씨]2차장마(가을장마) 영향 오늘~내일 전국 대부분 지역 비, 8호 태풍...",물이 빠져나가고 있을 때에는 기름이나 동물 사체 등 오염된 경우가 많으므로 물에서 멀리 떨어져 있도록 합니다. 수돗물이나 저장되었던 식수는 오염 여부를 확인한 후에 사용합니다. 침수된 음식이나 재료는... ,http://www.economytalk.kr/news/articleView.html?idxno=224844,http://www.economytalk.kr/news/articleView.html?idxno=224844,"Sat, 13 Aug 2022 22:18:00 +0900"
25,"""車는 말썽 일으키지 않아서""…'불매타격' 일본차, 중고차값 비싸져 [세상만車...",연비와 내구성이 시세에 영향 올해는 상반기에 극심했던 기름 값 폭등으로 연비 좋은 친환경 차량에 대한 관심이 높아진 게 중고 일본차 시세를 끌어올린 것으로 분석된다. 여기에 전기차 판매 급증으로 충전 문제가... ,https://premium.mk.co.kr/view.php?no=32322,https://n.news.naver.com/mnews/article/009/0005004168?sid=103,"Sat, 13 Aug 2022 20:31:00 +0900"
26,“손해 본다” “안 본다”…치킨 가격의 진실은?,""" 여기다 홈플러스 측에서 ""손해보고 파는 것 아니다""고 밝혀 치킨 적정 가격 논쟁에 기름을 부었습니다. 일부 소비자들은 ""요즘 프랜차이즈 치킨은 넘지 말아야 할 가격 선을 넘었다"", ""더 이상 배달 시켜 먹지 말자""며... ",http://www.ichannela.com/news/main/news_detailPage.do?publishId=000000309466,https://n.news.naver.com/mnews/article/449/0000232026?sid=101,"Sat, 13 Aug 2022 19:31:00 +0900"
27,[백브리핑] 수해 현장서 김성원 '역대급 망언'…이게 다가 아니었다?,닭의 크기부터 튀기는 기름까지 마트와는 질이 다르다는 겁니다. 방금 튀긴 질 좋은 치킨을 집에서 바로 즐길 수 있다는 장점도 있죠. 어쨌거나 세상이 좀 더 소비자 중심으로 바뀐 걸까요. 12년 전엔 정부가 규제 움직임... ,https://news.jtbc.co.kr/article/article.aspx?news_id=NB12070677,https://n.news.naver.com/mnews/article/437/0000309750?sid=100,"Sat, 13 Aug 2022 19:26:00 +0900"
28,밤바다 보고 끝? 이걸 먹어야 여수 여행 제대로 한 겁니다,"""전어는 고기에 가시가 많지만, 육질이 부드럽고 씹어 먹기에 좋으며 기름이 많아 맛이 좋다. 상인들이... 기름진 전어회는 된장 양념과 가장 잘 어울리기 때문에 된장 양념에 먹는다. ▲  전어구이는 전어 몸에 칼집을 내어... ",http://www.ohmynews.com/NWS_Web/View/at_pg.aspx?CNTN_CD=A0002856962&CMPT_CD=P0010&utm_source=naver&utm_medium=newsearch&utm_campaign=naver_news,https://n.news.naver.com/mnews/article/047/0002362889?sid=103,"Sat, 13 Aug 2022 18:28:00 +0900"
29,"[전국 내일날씨]8호 태풍 메아리 도쿄 상륙, 오늘~내일 전국 대부분 지역 비,...",물이 빠져나가고 있을 때에는 기름이나 동물 사체 등 오염된 경우가 많으므로 물에서 멀리 떨어져 있도록 합니다. 수돗물이나 저장되었던 식수는 오염 여부를 확인한 후에 사용합니다. 침수된 음식이나 재료는... ,http://www.jejuilbo.net/news/articleView.html?idxno=188758,http://www.jejuilbo.net/news/articleView.html?idxno=188758,"Sat, 13 Aug 2022 16:46:00 +0900"
30,우크라 떠난 ‘생명 살릴 곡물’은 굶주림을 돕지 않는다,식량 부족을 누그러뜨리기 위한 것이라지만 지금까지 풀려난 물량의 대부분은 옥수수이고 콩과 해바라기기름이 일부 포함됐다. 우크라이나가 작년에 수확한 밀은 이미 2월 전쟁이 시작되기 전에 수출한 까닭도 있다.... ,https://www.hani.co.kr/arti/international/international_general/1054610.html,https://n.news.naver.com/mnews/article/028/0002602248?sid=104,"Sat, 13 Aug 2022 09:47:00 +0900"
31,"당당치킨 대박에도…대형 치킨 3사 ""매출 영향 전혀 없다""","판매가 6990원에서 닭고기(9~10호) 4000원, 기름·파우더 등 원부자재 1000~1500원 등을 뺀 금액이다. 이를 단순 계산하면 홈플러스는 당당치킨을 통해 지금까지 총 6억 원을 벌어 들인 셈이다. 홈플러스의 전략이 먹히자... ",https://www.sedaily.com/NewsView/269S4ULVVX,https://n.news.naver.com/mnews/article/011/0004087293?sid=101,"Sat, 13 Aug 2022 08:14:00 +0900"
32,[영상] ‘6000원대 치킨’ 논쟁 과열…“을과 을의 싸움 안돼”,"예를 들어 임대료가 뛴다든지, 기름 가격이 뛴다든지, 라이더 배달료가 뛴다든지….” 실제로 1인당 연간 닭고기 소비량(2020농촌진흥청 자료)은 2017년 14.57kg에서 2020년 15.77kg로 1.2kg 증가했지만 정작 닭을 사육하는... ",http://www.kookje.co.kr/news2011/asp/newsbody.asp?code=0300&key=20220813.99099003647,https://n.news.naver.com/mnews/article/658/0000017361?sid=102,"Sat, 13 Aug 2022 07:10:00 +0900"
33,"이것은 크루즈인가, 버스인가… 차표 한장 손에 들고 올라타니 광활한 서해바...",“여름휴가를 이용해 인천 사는 친척집을 찾았다가 아이가 2층 버스를 타보고 싶다고 노래를 불러 시티투어버스 여행을 하게 됐다”는 최영주(42·대전)씨네 가족부터 “기름 값이 많이 올라 오랜만에 운전대 놓고 단짝... ,https://www.chosun.com/national/weekend/2022/08/13/6EOWBLMASJEETEE4EI5LVGCL74/?utm_source=naver&utm_medium=referral&utm_campaign=naver-news,https://n.news.naver.com/mnews/article/023/0003709684?sid=102,"Sat, 13 Aug 2022 03:02:00 +0900"
34,“팔토시 착용”…6990원 ‘당당치킨’ 만드는 주방 공개됐다,"사진을 보면 주방 조리대마다 기름에 튀겨낸 치킨이 올려져 있고, 이미 포장을 마친 치킨과 포장 작업 중인 치킨도 보인다. 조리복을 갖춰 입은 주방 직원이 카메라를 등진 채 작업에 몰두하는 모습도 담겼다. 사진을 본... ",https://www.seoul.co.kr/news/newsView.php?id=20220812500176&wlog_tag3=naver,https://n.news.naver.com/mnews/article/081/0003294221?sid=103,"Fri, 12 Aug 2022 22:10:00 +0900"
35,구미서 휘발유가 1200원 대?…마주 본 두 주유소의 치킨게임,온라인 상에는 이들 주유소에서 기름을 넣었다는 인증샷부터 기름값이 이렇게 내려갈 수 있는게 궁금하다는 의견들이 오가고 있습니다. 채널A 뉴스 배유미입니다. 영상취재 : 김건영 영상편집 : 방성재,http://www.ichannela.com/news/main/news_detailPage.do?publishId=000000309353,https://n.news.naver.com/mnews/article/449/0000232002?sid=102,"Fri, 12 Aug 2022 20:03:00 +0900"
36,"상반기 떼돈 번 정유 4사, '횡재세' 도입 '기금 출연' 압박에 진땀",따라서 최근 국내 기름 값 하락세는 유류세 인하와 국제 유가 하락세에 있는 것이지 정유업계의 역할을 찾기 어렵다는 지적이 나온다. 국내 정유업계가 고물가에 편승해 잇속만 챙겼다는 조사 결과도 있다. 사단법인... ,http://www.bizhankook.com/article/24251,http://www.bizhankook.com/article/24251,"Fri, 12 Aug 2022 17:30:00 +0900"
37,당당한 듯 당당하지 않은 홈플러스 ‘당당치킨’,"한 마리를 튀기는 데 사용하는 기름은 2,300원, 여기에 함께 제공하는 치킨 무, 소스, 박스 포장 비용이 2,500원 정도 들어간다. 치킨 한 마리를 포장하는 데 재료비만 1만 850원이다. 프랜차이즈 가맹점 특성상, 할인 행사를... ",https://vop.co.kr/A00001617829.html,https://vop.co.kr/A00001617829.html,"Fri, 12 Aug 2022 15:22:00 +0900"
38,[취재썰] 치킨은 죄가 없다,"'마트표 치킨'과는 한마디로 쓰는 닭의 크기부터 기름 등이 모두 다르다는 겁니다. 여기에 프랜차이즈 매장을 운영하는데 들어가는 임대료, 인건비도 빼놓을 수 없다는 설명입니다. 10일 〈고물가에 커지는 '반값치킨... ",https://news.jtbc.co.kr/article/article.aspx?news_id=NB12070547,https://n.news.naver.com/mnews/article/437/0000309612?sid=101,"Fri, 12 Aug 2022 14:22:00 +0900"
39,그때 그때 달라요?.. 마트치킨 골목상권 침해 기준 오락가락,"게다가 가맹점주들이 사용하는 기름, 부자재 등 모든 제품들이 가맹점 본사의 제품을 써야 한다는 점에서 가맹점 본부의 폭리는 비판 대상이다. 게다가 지난 2010년 롯데마트의 '통큰치킨'으로 비판받았던 '골목상권... ",https://www.straightnews.co.kr/news/articleView.html?idxno=215223,https://www.straightnews.co.kr/news/articleView.html?idxno=215223,"Fri, 12 Aug 2022 11:14:00 +0900"
40,여수에 물들다... 어서와! 여수 밤바다는 처음이지,"""전어는 고기에 가시가 많지만, 육질이 부드럽고 씹어 먹기에 좋으며 기름이 많아 맛이 좋다. 상인들이... 기름진 전어회는 된장양념과 가장 잘 어울리기 때문에 된장양념에 먹는다. ▲전어구이는 전어 몸에 칼집을 내어... ",http://www.netongs.com/news/articleView.html?idxno=309711,http://www.netongs.com/news/articleView.html?idxno=309711,"Fri, 12 Aug 2022 09:42:00 +0900"
41,침수되면 수리비만 차 1대 값… 고유가에도 망설여지는 전기차,기름 한방울 나지 않는 대한민국에서 국제유가는 언제나 전 산업에 걸친 불안 요소다. 자동차업계도... 전기차에 대한 관심이 높아지는 이유는 기름을 태우지 않고 달리는 친환경차라는 장점도 있지만 출·퇴근용... ,http://moneys.mt.co.kr/news/mwView.php?no=2022081116391638921,https://n.news.naver.com/mnews/article/417/0000842168?sid=103,"Fri, 12 Aug 2022 06:50:00 +0900"
42,"""6990원도 남는다"" vs ""생닭만 4500원""… 치킨값 진실은?","반죽, 기름, 가스비, 전기세, 포장비, 염지 비용에 부가세 빼면 300원정도 남나 보다""고 말했다. 그는 ""마트에서 치킨만 사 가는 사람은 거의 없다""라며 ""1만~2만원이라도 더 지출하면 마트는 무조건 남는 장사""라고... ",http://moneys.mt.co.kr/news/mwView.php?no=2022081114583923788,https://n.news.naver.com/mnews/article/417/0000842157?sid=101,"Fri, 12 Aug 2022 06:24:00 +0900"
43,"실수요자, 하락장이 ‘호기’… 고점 대비 10~20% 저점 때 매수 타이밍[임창용...",우리나라뿐만 아니라 전 세계 주요 나라들이 코로나19 팬데믹 극복을 위해 투입한 막대한 유동성은 집값 폭등에 기름을 부은 격이 됐다. 아파트 거래가 얼어붙고 값이 하락세에 접어들었다는 건 실수요자에게 내 집... ,https://www.seoul.co.kr/news/newsView.php?id=20220812023007&wlog_tag3=naver,https://n.news.naver.com/mnews/article/081/0003294054?sid=110,"Fri, 12 Aug 2022 05:04:00 +0900"
44,"[사설]한풀 꺾인 글로벌 인플레, 한국은 안심 아직 이르다",추석을 앞두고 주요 농산물 값이 폭등하는 상황에 기름을 부은 격이다. 소비자물가 상승률이 지난달 6.3%에서 이달에는 7%대로 높아질 것이라는 예상이 나온다. 게다가 미 연준의 2연속 자이언트 스텝으로 미국의... ,http://www.edaily.co.kr/news/newspath.asp?newsid=01151286632426664,https://n.news.naver.com/mnews/article/018/0005289976?sid=110,"Fri, 12 Aug 2022 05:01:00 +0900"
45,'한 푼이라도 아끼자'…MZ세대 '무지출 챌린지' 확산,"도시락을 싸들고 출퇴근하며 하루 약 1만 원의 식비를 절약하고, 자동차 대신 대중교통을 이용하며 월 약 10만 원의 기름 값을 아끼고 있다. 또 회사 내 구비된 인스턴트 커피를 마시며 매달 커피값으로 지출하던 9만여... ",http://www.joongboo.com/news/articleView.html?idxno=363553867,http://www.joongboo.com/news/articleView.html?idxno=363553867,"Thu, 11 Aug 2022 20:02:00 +0900"
46,가짜 토종닭과 가짜 국산 쇠고기,놓아서 기른 방사 토종닭은 삶은 국물이 노란 국물에 기름이 동동 떠 있는 것이 특징이다. 그런데 폐계도 역시 노란 국물에 기름이 동동 떠 있다는 것이다. 그러다 보니 소비자들은 식별하기가 쉽지 않다. 놓아 기른... ,http://www.newsgn.com/333352,http://www.newsgn.com/333352,"Thu, 11 Aug 2022 18:14:00 +0900"
47,"축산생산자단체 ""밥상물가 잡기 전에 국내 축산업부터 무너질라""","이어 ""러시아-우크라이나 전쟁과 미국과 중국의 패권경쟁은 현재 식량전쟁시대에 살고 있음을 말해준다""라며 ""사람은 반도체나 기름이 없어도 살지만 식량이 없으면 죽는다""고 경고했다. 이들은 대회가 끝난 뒤... ",http://www.ntoday.co.kr/news/articleView.html?idxno=93283,http://www.ntoday.co.kr/news/articleView.html?idxno=93283,"Thu, 11 Aug 2022 18:00:00 +0900"
48,"사면초가 낙농가, 아스팔트로 뛰쳐나와","낙농가민심에 기름을 부은 꼴이라고 밝혔다. 낙농진흥회 '원유의 생산 및 공급규정'에 따라 통계청 우유생산비(5월 24일) 발표일로부터 1개월 이내 '원유가격 조정 협상위원회'를 구성(학계1, 생산자3, 수요자3)해, 올해... ",http://www.amnews.co.kr/news/articleView.html?idxno=50785,http://www.amnews.co.kr/news/articleView.html?idxno=50785,"Thu, 11 Aug 2022 16:30:00 +0900"
49,"고물가에 커지는 '반값치킨' 논쟁…""그래도 남는다"" vs ""품질 달라"" 반박","사용하는 닭의 크기부터 식용유, 튀김기름 등이 다르다는 겁니다. 그렇기 때문에 마트 치킨과 프랜차이즈 치킨을 동일 선상에 놓고 가격으로 비교할 수 없다는 설명입니다. B업체 관계자도 “프랜차이즈 매장의 경우... ",https://news.jtbc.co.kr/article/article.aspx?news_id=NB12070358,https://n.news.naver.com/mnews/article/437/0000309434?sid=101,"Thu, 11 Aug 2022 15:07:00 +0900"
50,'치킨값 전쟁' 마트 1만원 vs 프랜차이즈 2만원...결국 맛으로 승부,"거리두기 해제 이후 배달수요가 줄어든 대신 매장 판매가 늘면서 판매량은 지난해와 비슷한 수준을 유지하고 있지만 기름, 밀가루 등 각종 원자재가격이 상승해 마진율은 대폭 감소하는 추세다. 일각에서는 원자재... ",http://www.newspim.com/news/view/20220811000717,http://www.newspim.com/news/view/20220811000717,"Thu, 11 Aug 2022 14:42:00 +0900"
51,"[영상]치킨집 점주들 ""반값치킨에도 남는다?…어디서 약을 파나""","반죽, 기름, 가스비, 전기세, 포장비, 염지 비용에 부가세 빼면 300원 정도 남나 보다”, “100원 남아도... 프랜차이즈 구조는 닭과 양념, 기름, 박스, 치킨무 등을 원가 이상의 가격으로 사도록 되어 있기 때문이다. 한... ",https://www.sedaily.com/NewsView/269R90CE9V,https://n.news.naver.com/mnews/article/011/0004086566?sid=102,"Thu, 11 Aug 2022 11:25:00 +0900"
52,<이우석의 푸드로지>열무쌈·호박전·가지튀김… 여름엔 菜力이 체력,후숙해서 당도가 오른 단호박에 튀김옷을 입히고 뜨거운 기름에 순식간에 튀겨내 ‘겉바속촉’ 상태로 익은 덴푸라를 덮밥이나 요리로 즐길 수 있는 집이다. 부드럽고 달달한 맛이 짭조름한 양념국물(쓰유)과 잘... ,http://www.munhwa.com/news/view.html?no=2022081101032712000002,https://n.news.naver.com/mnews/article/021/0002525988?sid=103,"Thu, 11 Aug 2022 09:16:00 +0900"
53,"박병원 ""민심과 동떨어진 정책은 필패…국민 설득이 먼저다""",트럭 한대 끌고 다니는 개인자영업자나 농민에게 기름을 싸게 공급해주고 있어요. 필요한 계층에는 보조금 형태로 지원하면 되는데 일률적으로 세금을 내리니 굳이 도와주지 않아도 될 사람들에게도 혜택이 돌아가는 우를... ,http://www.edaily.co.kr/news/newspath.asp?newsid=01220166632426336,https://n.news.naver.com/mnews/article/018/0005288987?sid=101,"Thu, 11 Aug 2022 06:11:00 +0900"
54,"치킨에 '담배꽁초' 튀김이?…점주 ""폐업하겠다""","배달된 치킨에서 기름에 튀겨진 담배꽁초가 발견돼 논란이 일고 있는 가운데, 문제가 된 매장의 점주가 본사 측에 폐업하겠다는 뜻을 밝힌 것으로 알려졌다. 10일 경남 마산에 있는 한 치킨 프렌차이즈 가맹점에서 발생한... ",http://www.edaily.co.kr/news/newspath.asp?newsid=01098806632426336,https://n.news.naver.com/mnews/article/018/0005288953?sid=102,"Thu, 11 Aug 2022 00:01:00 +0900"
55,“당당치킨 6990원에 팔아도 남는다” 했더니…“정의로운 척 말라” 치킨 점...,"자영업자들이 활동하는 네이버 카페 ‘아프니까 사장이다’ 등에는 육계 시세가 ㎏당 3900원인데 반죽과 기름, 염지 등 재료비와 가스비, 전기세, 포장비 등 조리 비용을 감안하면 6990원이란 가격은 비현실적이란... ",http://news.heraldcorp.com/view.php?ud=20220810000789,https://n.news.naver.com/mnews/article/016/0002027093?sid=102,"Wed, 10 Aug 2022 17:00:00 +0900"
56,"""치킨 줄서서 삽니다""...프랜차이즈 맞서 대형마트 '가성비 치킨' 인기몰이",'뉴 한통 가아아득 치킨'은 9~11호 계육을 깨끗한 기름으로 튀겨내 약 한 마리 반 분량(1.2kg)을 한통에 가득 담은 상품이다. 한통치킨은 한 마리 반 구성의 롯데마트 대표 상품 중 하나로 월 평균 3만 5000개 이상... ,http://www.thekpm.com/news/articleView.html?idxno=131474,http://www.thekpm.com/news/articleView.html?idxno=131474,"Wed, 10 Aug 2022 10:06:00 +0900"
57,"'이준석 키즈' 박민영, 용산 출근…""미우나 고우나 우리 대통령""","아울러 ""실제 물가가 폭등하는 와중에도 부동산과 기름 값은 빠른 속도로 안정되고 있다""며 ""분명한 정부의 성과인데도 충분히 알려지지 못했다. 부정적인 측면만 한없이 증폭되고 있다""고 주장하기도 했습니다. 이준석... ",http://mbn.mk.co.kr/pages/news/newsView.php?category=mbn00006&news_seq_no=4821005,https://n.news.naver.com/mnews/article/057/0001682664?sid=100,"Wed, 10 Aug 2022 10:01:00 +0900"
58,"중국 7월 CPI 2년래 최고치, 2.9% 전망","기름 값은 6월 말부터 7월 말까지 당국이 세차례 가격 인하 조정에 나선 결과 휘발유와 디젤유 가격이 매톤당 각각 980 위안, 945 위안으로 하락했다. 하지만 소폭의 기름값 하락이 물가를 안정시키는데는 큰... ",http://www.newspim.com/news/view/20220810000117,http://www.newspim.com/news/view/20220810000117,"Wed, 10 Aug 2022 09:08:00 +0900"
59,철강업계 먹구름 껴도 세아제강은 웃는다…왜?,고유가일 땐 기름을 뽑으려는 수요가 많아 유정용 강관 주문이 증가한다. 한국철강협회에 따르면 올해 1~7월 강관 수출은 107만톤 규모로 전년 동기 대비 17.1% 증가했다. 이 중 56%가 미국으로 수출됐다. 특히 유정용 강관의... ,http://news.mt.co.kr/mtview.php?no=2022080916475432446,https://n.news.naver.com/mnews/article/008/0004781157?sid=101,"Wed, 10 Aug 2022 05:13:00 +0900"
60,교통비 15% 폭등… 24년 만에 최고치,"치솟은 유가가 교통비 상승 흐름에 특히 기름을 부었다. 경유는 47.0%, 휘발유는 25.5%씩 오르면서 개인 운송장비 운영 가격 상승률을 26.0%로 끌어올렸다. 여기에 자동차 부품 공급망 차질로 카시트, 와이퍼 등... ",https://www.seoul.co.kr/news/newsView.php?id=20220810014015&wlog_tag3=naver,https://n.news.naver.com/mnews/article/081/0003293421?sid=101,"Wed, 10 Aug 2022 05:03:00 +0900"
61,"""치킨 사러 오픈런까지""…고물가시대, 마트치킨 인기↑",'New 한통가아아득 치킨'은 국내산 9~11호 계육을 사용한 제품으로 깨끗한 기름으로 튀겨내 깔끔한 맛이 특징이다. 대형마트는 치킨을 미끼 상품으로 대대적인 말복 할인행사도 기획 중이다. 롯데마트는 11일부터... ,https://www.news1.kr/articles/4767290,https://n.news.naver.com/mnews/article/421/0006268942?sid=101,"Wed, 10 Aug 2022 05:00:00 +0900"
62,강제징용 피해배상 문제로 시험대 오른 외교력-장필수 사회담당 편집국장,지난 4일 광주시의회에 열린 기자회견장에서 일제 강제징용 피해자인 정신영(92)할머니가 ‘내 목숨 값... 분노에 기름을 부었다. 정부는 민관협의회를 통해 해법을 찾겠다고 하지만 피해자들은 처음부터 참여하지 않았고... ,http://www.kwangju.co.kr/article.php?aid=1660050000742050085,http://www.kwangju.co.kr/article.php?aid=1660050000742050085,"Tue, 09 Aug 2022 22:02:00 +0900"
63,"마트업계는 '치킨 전쟁', 소비자 '열광' 이유 보니","더구나 최근 기름‧밀가루 값 인상을 명목으로 치킨 프랜차이즈들이 줄줄이 제품 가격 인상을 단행했고, 업계 1위 교촌치킨의 일부 가맹점은 배달비를 기존 3000원에서 4000원으로 올리면서 소비자 부담은 가중됐다.... ",http://www.iminju.net/news/articleView.html?idxno=79982,http://www.iminju.net/news/articleView.html?idxno=79982,"Tue, 09 Aug 2022 18:16:00 +0900"
64,‘국민의 발’ 교통비 15.3% 급증… 차량 관련 물가 다 올랐다,"치솟은 유가가 교통비 상승 흐름에 특히 기름을 부었다. 경유는 47.0%, 휘발유는 25.5%씩 오르면서 개인 운송장비 운영 가격 상승률을 26.0%로 끌어올렸다. 여기에 자동차 부품 공급망 차질로 카시트, 와이퍼 등... ",https://www.seoul.co.kr/news/newsView.php?id=20220809500179&wlog_tag3=naver,https://n.news.naver.com/mnews/article/081/0003293310?sid=101,"Tue, 09 Aug 2022 17:16:00 +0900"
65,대형마트 '초저가 치킨' 속속 등장…달라진 소비자 반응,해당 제품은 저렴한 가격 때문에 '냉동닭과 저렴한 기름을 쓴다'는 소문이 돌았다. 그러나 홈플러스에 따르면 당당치킨은 냉장닭을 사용하고 있으며 기름 역시 일반 치킨 프랜차이즈와 동일한 식용유를 사용하고... ,http://sports.hankooki.com/news/articleView.html?idxno=6804194,http://sports.hankooki.com/news/articleView.html?idxno=6804194,"Tue, 09 Aug 2022 17:14:00 +0900"
66,"""고래는 그만 괴롭히고래"" 우영우가 남긴 또렷한 발자국","크고 뭉툭한 사각형 머리가 특징인 향유고래는 머릿속에 질 좋은 기름이 가득하고 고기, 이빨, 가죽 등 쓰임이 아주 많아 오래전부터 고래잡이배의 표적이 되었다. 고래의 장 속에서 만들어지는 용연향은 고급 향수의... ",http://www.ohmynews.com/NWS_Web/View/at_pg.aspx?CNTN_CD=A0002856071&CMPT_CD=P0010&utm_source=naver&utm_medium=newsearch&utm_campaign=naver_news,https://n.news.naver.com/mnews/article/047/0002362478?sid=103,"Tue, 09 Aug 2022 17:10:00 +0900"
67,[관점뉴스] 돌아온 대형마트 ‘초저가 치킨’… 소비자·가맹점주·프랜차이즈...,롯데마트 ‘New 한통가아아득 치킨’은 9~11호 계육을 깨끗한 기름으로 튀겨내 약 한 마리 반(1.2㎏)을 한 통에 가득 담은 상품이다. 이마트는 9호 냉장육을 사용한 가성비 치킨 ‘5분 치킨’을 9980원에 판매하고 있다. 5분... ,https://www.news2day.co.kr/article/20220809500237,https://www.news2day.co.kr/article/20220809500237,"Tue, 09 Aug 2022 16:44:00 +0900"
68,이틀간 500㎜ 육박 역대급 강수··· 11일까지 수도권~전북 북부까지 비구름...,"계속 기름을 공급하는 모양새”라고 비유했다. 12일부터는 정체전선이 남하한 후 점차 약화되겠다. 이때도 충청 남부, 전북, 경북 북부 중심으로 강한 비를 내릴 수 있다. 13일부터는 북한에서 활성화된 정체전선이... ",https://www.khan.co.kr/environment/climate/article/202208091642001,https://n.news.naver.com/mnews/article/032/0003165509?sid=103,"Tue, 09 Aug 2022 16:43:00 +0900"
69,대출금리 폭탄에 수도권 집값 폭락 지속...전북은 상승세 지속 왜?,최근 금융비용과 기름 값이 크게 올랐고 건설자재 가격이 최고 30%까지 치솟았지만 고작 1%의 분양가 상승효과에 그칠 것으로 예상되고 있기 때문이다. 여기에 올 연말이전 주택담보 대출 금리가 8%까지 오를 것으로... ,https://www.jjan.kr/article/20220809580241,https://www.jjan.kr/article/20220809580241,"Tue, 09 Aug 2022 16:40:00 +0900"
70,유럽 너 마저..플러그인 하이브리드 판매 감소 ‘왜?’,주행에선 기름 소비 없이 전기차 처럼 운행 가능한 것이 특징이다. 글로벌 주요 PHEV의 경우 40~60... PHEV 이용자들이 전기모드보다 기름소비를 더 많이 한다는 것. 미 국제청정교통위원회(International Council on Clean... ,http://www.dailycar.co.kr/content/news.html?type=view&autoId=45462,http://www.dailycar.co.kr/content/news.html?type=view&autoId=45462,"Tue, 09 Aug 2022 15:48:00 +0900"
71,"곡물값 내리니, 농산물 펀드 ‘흔들’, 식품주는 상승세",식량가격지수를 구성하는 지수 중 채소 및 식용 기름 가격을 측정하는 유지류 지수는 6월 211.8에서 7월 171.1로 한 달 만에 19.2% 급락했다. 우크라이나 전쟁 후 한동안 팜유 수출을 중단했던 인도네시아가 앞으로는 팜유... ,https://www.etoday.co.kr/news/view/2161981,https://www.etoday.co.kr/news/view/2161981,"Tue, 09 Aug 2022 15:46:00 +0900"
72,"[인터뷰] '한산' 박지환 ""대세? 내 것 아니라 생각…광고 얼떨떨""","내 통장엔 여전히 점심 밥을 사 먹을 수 있고 원하는 곳에 갈 수 있는 기름 값과 커피 값 밖에 없다. 이러고 살고 있다."" -나대용은 실존인물이다. 어떻게 캐릭터를 구상했나. ""재밌었다. 5분 넘게 이야기하게 될 듯 하다.... ",https://news.jtbc.co.kr/article/article.aspx?news_id=NB12069970,https://n.news.naver.com/mnews/article/437/0000309074?sid=106,"Tue, 09 Aug 2022 15:05:00 +0900"
73,상추밭 잠기고…작황부진 배추 쓸리고…'金채소' 더 뛴다 [이상기후에 갇힌 한...,"현재 할당 관세가 적용되는 품목은 대파와 사료용 보리, 귀리, 옥수수, 기름용 대두, 칩용 감자 등이다. 그러나 일각에서는 당근과 마늘 등 일부 농산물에만 적용될 뿐 저장성이 낮은 배추와 무 등의 가격을 잡기에는... ",https://www.sedaily.com/NewsView/269QC2RAW6,https://n.news.naver.com/mnews/article/011/0004085568?sid=101,"Tue, 09 Aug 2022 14:46:00 +0900"
74,축산인 총궐기...농민시위 강도 갈수록 커져,"사람은 반도체나 기름이 없어도 살지만, 식량이 없으면 죽는다. 똑똑한 선진국들은 식량안보의 중요성을 인식, 식량안보태세를 굳건히 하고 있다. 반면, 우리 축산농가들은 국가 전체의 이익이라는 허울뿐인 명분 아래... ",http://www.kenews.co.kr/news/article.html?no=81980,http://www.kenews.co.kr/news/article.html?no=81980,"Tue, 09 Aug 2022 13:54:00 +0900"
75,금(金)치킨 반발심 터졌다…'당당치킨'이 '통큰치킨 사태' 피한 이유,"치킨 한 마리 가격을 책정하는 데엔 크게 △육계 △튀김반죽 및 파우더, 양념소스 △기름 △박스, 무, 콜라 등 부재료비가 고려된다. 여기에 프랜차이즈는 배송비, 인건비, 매장임차료, 수도 및 전기료 등 각종 세금... ",http://www.m-i.kr/news/articleView.html?idxno=941178,http://www.m-i.kr/news/articleView.html?idxno=941178,"Tue, 09 Aug 2022 13:52:00 +0900"
76,"""아이오닉6 살까? EV6 GT 살까?""…하반기 전기차 몰려온다","수도권에서 경유자동차를 운행 중인 김모씨(45)는 ""최근 국제유가가 하락하며 기름 값이 소폭 낮아지기는 했지만, 여전히 부담스럽다""면서, ""다음 차는 유가 걱정 없는 전기차로 가고 싶다“고 말했다. 실제... ",https://zdnet.co.kr/view/?no=20220809113514,https://n.news.naver.com/mnews/article/092/0002264877?sid=103,"Tue, 09 Aug 2022 11:39:00 +0900"
77,추석에 폭염·전기료까지 '물가 부채질'…연간 5% 넘길 듯,"폭염은 농산물 값 상승세에 기름을 붓는 꼴이다. 지난달 채소 물가는 전년 동기 대비 25.9% 급등했다. 공공요금 줄인상도 계속된다. 가스요금은 연료비 연동제에 따라 4월과 5월, 7월에 이어 10월에도 추가 인상이 확정된... ",https://www.news1.kr/articles/4766893,https://n.news.naver.com/mnews/article/421/0006266477?sid=101,"Tue, 09 Aug 2022 05:10:00 +0900"
78,[사설] 할당관세 확대가 추석 물가 대책이어선 곤란하다,한 달 9900원으로 버스나 지하철을 무제한 탈 수 있게 하면 기름 소비도 줄이고 교통비 부담도 덜 수 있다. 지금은 기대 인플레를 꺾는 것이 무엇보다 중요하다. 어정쩡하게 소비를 진작하거나 생색만 내려 하지 말고 좀더... ,https://www.seoul.co.kr/news/newsView.php?id=20220809027009&wlog_tag3=naver,https://n.news.naver.com/mnews/article/081/0003293140?sid=110,"Tue, 09 Aug 2022 05:04:00 +0900"
79,"[정면승부] 배준영""박순애. 반면교사 삼아야"" 장경태""인사검증 책임있는 한동...","그런 과정에서 고유가, 기름 값이 비싸면 가스 요금이나 전기 요금 같은 대체제 또는 보완 요금을 올리지... 전기 값 말씀하셨는데요. 지금 한전 부채가 2017년도 이후에 엄청 늘어났습니다. 그래서 당시 한전의 21년 1분기... ",https://radio.ytn.co.kr/program/?f=2&id=84433&s_mcd=0263&s_hcd=01,https://radio.ytn.co.kr/program/?f=2&id=84433&s_mcd=0263&s_hcd=01,"Mon, 08 Aug 2022 20:02:00 +0900"
80,"[정면승부]배준영""박순애. 반면교사 삼아야"" 장경태""인사검증 책임있는 한동훈...","그런 과정에서 고유가, 기름 값이 비싸면 가스 요금이나 전기 요금 같은 대체제 또는 보완 요금을 올리지... 전기 값 말씀하셨는데요. 지금 한전 부채가 2017년도 이후에 엄청 늘어났습니다. 그래서 당시 한전의 21년 1분기... ",https://www.ytn.co.kr/_ln/0101_202208081933436459,https://n.news.naver.com/mnews/article/052/0001774214?sid=100,"Mon, 08 Aug 2022 19:33:00 +0900"
81,"[오창익의 뉴스공감] 박민영 ""국민의힘, 리더십 잃은 건 사실""",기름 값이 3천 원 가까이 육박했다가 다시 1천 원대로 내려온 상황인데 이렇게 빠르게 유가를 잡은 사례가 없습니다. 집값 같은 경우에도 부동산은 안정화가 되고 있는 추세거든요. 그런데 이런 사실 긍정적인 지표들은 잘... ,http://www.cpbc.co.kr/CMS/news/view_body.php?cid=829209&path=202208,http://www.cpbc.co.kr/CMS/news/view_body.php?cid=829209&path=202208,"Mon, 08 Aug 2022 19:24:00 +0900"
82,[남도일보 기고]국민 아랑곳 않는 정치인들,쌀 값 등 농산물 값은 역으로 떨어지거나 연동해서 오르지 않으니 농민들은 이중고에 시달린다. 우리나라의... 이에 더해 기름 값까지 크게 오르니 이들의 삶은 팍팍하기만 하다. 그러나 정부는 국민이 납득할 만한 시원한... ,http://www.namdonews.com/news/articleView.html?idxno=691146,http://www.namdonews.com/news/articleView.html?idxno=691146,"Mon, 08 Aug 2022 18:18:00 +0900"
83,[생생경제] 추석 물가 '비상' 정부의 대책은?,"◆ 조윤미> 채소 값 진짜 엄청 많이 올랐는데요. 배추가 지금 72.7%, 무가 53% 정도 올랐고요. 이게 추석... 대파, 사료용 보리, 귀리, 옥수수, 기름용 대두, 감자 이런 것들이 이미 할당관세에 다 적용이 되고 있어서 이번에... ",https://radio.ytn.co.kr/program/?f=2&id=84431&s_mcd=0206&s_hcd=15,https://radio.ytn.co.kr/program/?f=2&id=84431&s_mcd=0206&s_hcd=15,"Mon, 08 Aug 2022 18:02:00 +0900"
84,"""에너지효율 투자기업 10% 稅혜택 검토…넥타이 안매기 등 민간도 적극 동참해...","이 이사장의 말처럼 기름 한 방울 나지 않는 우리나라의 전기요금은 전 세계에서 가장 싼 편이다. 한국전력에 따르면 가정용 전기요금은 1㎿h당 103.9달러로 경제협력개발기구(OECD) 34개 회원국 중 31위, 산업용 전기요금도 1... ",https://www.sedaily.com/NewsView/269PW379AP,https://n.news.naver.com/mnews/article/011/0004085197?sid=101,"Mon, 08 Aug 2022 17:49:00 +0900"
85,[생생경제] 추석 물가 '비상' 정부의 대책은?,"◆ 조윤미> 채소 값 진짜 엄청 많이 올랐는데요. 배추가 지금 72.7%, 무가 53% 정도 올랐고요. 이게 추석... 대파, 사료용 보리, 귀리, 옥수수, 기름용 대두, 감자 이런 것들이 이미 할당관세에 다 적용이 되고 있어서 이번에... ",https://www.ytn.co.kr/_ln/0102_202208081731454652,https://n.news.naver.com/mnews/article/052/0001774140?sid=101,"Mon, 08 Aug 2022 17:31:00 +0900"
86,"""장애인들도 내려다보고 싶어 한다""","그는 ""당진에 있는 12개 장애인시설 중 샤론의 집과 한빛 공동체 등이 국가로부터 지원을 받지 못하고 있다""며 ""겨울엔 기름 값이 없어 냉방으로 지낼 정도""라고 밝혔다. 심 회장은 35년 장애인봉사를 하며 장애인 가계부... ",http://www.dtnews24.com/news/articleView.html?idxno=729618,http://www.dtnews24.com/news/articleView.html?idxno=729618,"Mon, 08 Aug 2022 17:06:00 +0900"
87,생산비 올랐는데 가격 내리라니… 낙농업 농민 '식량 주권 사수' 집회,"안성시에서 낙농업에 종사하는 이세찬 낙농육우협회 이사는 ""기름 값이며 사료 가격이 모두 인상돼 생산비가 많이 들어간다. 원유 가격 연동제에 따라 생산비가 오르면 단가도 인상해야 하는데, 정부는 같은 원유를... ",http://www.kyeongin.com/main/view.php?key=20220808010001341,http://www.kyeongin.com/main/view.php?key=20220808010001341,"Mon, 08 Aug 2022 14:54:00 +0900"
88,"인플레 주범 곡물·석유價, 완연한 하락세",식량가격지수를 구성하는 지수 중 채소 및 식용 기름 가격을 측정하는 유지류 지수는 6월 211.8에서 7월 171.... 텍사스·플로리다·조지아 등 중남부 중심으로 22주(州)에서 평균 기름 값이 갤런당 3달러대로 내려왔다.... ,https://biz.chosun.com/international/international_general/2022/08/08/6XLMOCPNZFAF3GZPVOSDY4TZ6A/?utm_source=naver&utm_medium=original&utm_campaign=biz,https://n.news.naver.com/mnews/article/366/0000832623?sid=104,"Mon, 08 Aug 2022 08:17:00 +0900"
89,"물가 올린 곡물값, 넉달 연속 꺾였다",식량가격지수를 구성하는 지수 중 채소 및 식용 기름 가격을 측정하는 유지류 지수는 6월 211.8에서 7월 171.... 텍사스·플로리다·조지아 등 중남부 중심으로 22주(州)에서 평균 기름 값이 갤런당 3달러대로 내려왔다.... ,https://www.chosun.com/economy/int_economy/2022/08/08/3QL747XCUVFS3LYZ6ZEZSTQZVA/?utm_source=naver&utm_medium=referral&utm_campaign=naver-news,https://n.news.naver.com/mnews/article/023/0003708491?sid=101,"Mon, 08 Aug 2022 03:42:00 +0900"
90,비상 걸린 추석 밥상 물가… 수입 농산물도 할당관세 확대 검토,"다만 기름값이 내림세로 돌아서면서 고물가 대책 중 하나로 유류세 추가 인하 카드는 꺼내 들지 않을... 현재 할당관세가 적용되는 품목에는 대파, 사료용 보리, 귀리, 옥수수, 기름용 대두, 칩용 감자 등이 있다. 새로... ",https://www.seoul.co.kr/news/newsView.php?id=20220808006007&wlog_tag3=naver,https://n.news.naver.com/mnews/article/081/0003292742?sid=101,"Sun, 07 Aug 2022 18:57:00 +0900"
91,우크라이나 곡물수출선 '출항'...고물가 '진정'?,"현재 대파, 사료용 보리·귀리·옥수수, 기름용 대두, 칩용 감자 등에는 이미 할당관세가 적용 중이다. 여기에 가격 상승세와 국내외 작황을 고려해 추석 성수품이나 특별관리품목으로 분류된 일부 농산물이 할당관세를... ",http://www.newsroad.co.kr/news/articleView.html?idxno=18204,http://www.newsroad.co.kr/news/articleView.html?idxno=18204,"Sun, 07 Aug 2022 18:12:00 +0900"
92,"추석 밥상물가 급등 우려에… 정부, 수입 농산물 할당관세 확대 검토","다만 기름값이 내림세로 돌아서면서 고물가 대책 중 하나로 유류세 추가 인하 카드는 꺼내 들지 않을... 현재 할당관세가 적용되는 품목에는 대파, 사료용 보리, 귀리, 옥수수, 기름용 대두, 칩용 감자 등이 있다. 새로... ",https://www.seoul.co.kr/news/newsView.php?id=20220807500068&wlog_tag3=naver,https://n.news.naver.com/mnews/article/081/0003292710?sid=101,"Sun, 07 Aug 2022 16:22:00 +0900"
93,"美 고용 서프라이즈·연준 매파 발언에…""9월도 자이언트스텝"" 분위기 바뀐 월...",다만 기름 값과 식료품 값을 제외한 근원 CPI는 6월의 5.9%에서 6.1%로 오히려 높아질 것으로 예상했다. 보먼 이사는 “인플레이션이 정점에 이르렀다는 기대를 뒷받침하는 구체적인 징후는 거의 없다”며 “(반대로)... ,https://www.sedaily.com/NewsView/269PEQIXSU,https://n.news.naver.com/mnews/article/011/0004084697?sid=104,"Sun, 07 Aug 2022 14:35:00 +0900"
94,‘닮은 듯 다른’ 과일·채소 백과사전,"간을 맞춘다면 소금, 간장, 굴소스 등과 두루 잘 어울리며 고추기름을 살짝 떨궈도 좋다. 참외만 볶아 먹기 심심하면 기름기 적은 살코기, 새우, 달걀, 연어 등을 익혀 곁들여 먹는 방법도 있다. 참외장아찌는 껍질째 통째로... ",https://shindonga.donga.com/3/all/13/3536698/1,https://n.news.naver.com/mnews/article/262/0000015776?sid=103,"Sun, 07 Aug 2022 10:02:00 +0900"
95,"추석 물가 ‘비상’…정부, 농산물 할당관세 적용 확대 검토","현재 대파, 사료용 보리·귀리·옥수수, 기름용 대두, 칩용 감자 등에는 이미 할당관세를 적용 중이다. 여기에 가격 상승세와 국내외 작황을 고려해 추석 성수품이나 특별관리품목으로 분류된 일부 농산물에 할당관세를... ",https://biz.chosun.com/policy/policy_sub/2022/08/07/75QNN6ZDKZFDFJXJBIHPLVINJQ/?utm_source=naver&utm_medium=original&utm_campaign=biz,https://n.news.naver.com/mnews/article/366/0000832533?sid=101,"Sun, 07 Aug 2022 09:38:00 +0900"
96,"김준현X이태곤, 선상 최초 중국집 배달에 감탄...""이건 진짜 대박""('도시어부...","이덕화는 ""돈 없으면 집에서 짜장면이나 시켜먹지""라며 떠오르는 흥을 주체 못하며 한껏 들떴다. 김준현은 ""이건 진짜 대박인 거 같다. 배에서 짜장은. 기름 값도 안 나오겠다""라고 연신 감탄하며 짜장면을 두 그릇째 비웠다.",https://tenasia.hankyung.com/tv/article/2022080717014,https://n.news.naver.com/mnews/article/312/0000562574?sid=106,"Sun, 07 Aug 2022 06:03:00 +0900"
97,박지환 “목표는 늘 4등하는 배우… 욕심내지 않고 최선 다할 것”,"목돈 관리법을 묻자 “통장을 들여다보지 않고 날마다 점심 값과 커피 값, 기름 값밖에 없다고 생각한다”고 했다. ‘한산’을 연출한 김한민 감독은 박지환이 영화 ‘봉오동 전투’에서 일본군 장교를 연기한 모습을... ",https://www.chosun.com/national/people/2022/08/06/WNXIRC3HEJDH5OAEAHMW3O4ZGA/?utm_source=naver&utm_medium=referral&utm_campaign=naver-news,https://n.news.naver.com/mnews/article/023/0003708304?sid=103,"Sat, 06 Aug 2022 03:03:00 +0900"
98,대형마트 6990원 '당당치킨' 공세에 프랜차이즈 치킨 가맹점주들 '냉가슴'만,프랜차이즈 치킨 가격 2만원 돌파와 일부 프랜차이즈들의 배달비 인상 및 가맹점에 공급하는 기름 값의 큰 폭 인상 등으로 인해 국내 치킨 프랜차이즈 브랜드에 대한 여론이 나빠져 치킨 프랜차이즈들의 미래를 어둡게... ,http://www.greened.kr/news/articleView.html?idxno=297076,http://www.greened.kr/news/articleView.html?idxno=297076,"Fri, 05 Aug 2022 21:00:00 +0900"
99,"""햄버거값도 부담""...치솟는 물가에 소비도 변했다",[기자] 지금 기름도 우리나라가 기름의 원재료를 대부분 수입해서 쓰고 있는데 그 수입 원자재 가격이 다 올라버려서 기름값도 굉장히 많이 올랐습니다. 외국에서는 식용유난이다 이런 말까지 하더라고요. 아까 보니까... ,https://www.ytn.co.kr/_ln/0102_202208051629295477,https://n.news.naver.com/mnews/article/052/0001773165?sid=101,"Fri, 05 Aug 2022 16:29:00 +0900"
100,주유소 휘발유값 1700원대로 떨어지나...한달새 국제유가 11%↓,국내 기름값이 두달째 하락세를 보이는 가운데 전국 평균 휘발유 가격이 이달 중 1700원대로 떨어질... 국제유가 하락세와 국내 유류세 인하 확대에 따른 영향으로 국내 주유소 기름 가격도 연일 하락세다.... ,https://www.mk.co.kr/economy/view/2022/691204,https://n.news.naver.com/mnews/article/024/0000076508?sid=101,"Fri, 05 Aug 2022 15:05:00 +0900"
101,"[유통가 레이더] 지역과 함께 하는 쿠팡, 지역 상생사업 참여 중소상공인 매출...","워터클리닝은 드라이클리닝 의류를 물로 손상 없이 세탁하는 '친환경 공법'으로, 기름을 용제로 사용하는... 이같이, 기름을 사용하지 않는 웨트클리닝 등의 신규 공법이 드라이클리닝의 대안으로 떠오르고 있으나... ",http://www.greened.kr/news/articleView.html?idxno=297064,http://www.greened.kr/news/articleView.html?idxno=297064,"Fri, 05 Aug 2022 11:42:00 +0900"
102,서울택시 불편신고 年1만건...“대란 속 갈등요인 더 커져”,"강경우 한양대 교통물류학과 교수는 “기름 값이 역대급으로 올라 노동 강도 대비 수익은 더 적어졌는데, 서비스에 신경 쓸 여력이 있겠느냐”며 “반면에 승객은 승객대로, 힘들게 택시 잡았는데 서비스 품질이... ",http://news.heraldcorp.com/view.php?ud=20220805000341,https://n.news.naver.com/mnews/article/016/0002024991?sid=102,"Fri, 05 Aug 2022 11:20:00 +0900"
103,"""바이든 면전에 일격 가했다""…사우디 왕세자의 '뒤끝' [글로벌 핫이슈]","누가 봐도 ""기름 좀 많이 공급해달라""는 분위기를 폴폴 풍겼죠. 대놓고 말을 못한 건 바이든 대통령의 과거... 미국 휘발유값이 사상 최고치(6월 갤런당 5.02달러)를 찍으면서 ""기름값 때문에 못 살겠다""는 국내 여론을... ",https://www.hankyung.com/international/article/202208047496i,https://n.news.naver.com/mnews/article/015/0004733221?sid=104,"Fri, 05 Aug 2022 07:32:00 +0900"
104,"홈플러스 당당치킨, 치킨업계 '공공의 적'으로...""이렇게 팔아도 남는다"" VS ...","그는 ""더 좋은 기름은 아니지만 백* 식용유 사용하고, 산가 측정해서 제 때에 기름을 교체한다. 기름 아낀다고 오래 쓰고 하지 않는다""라며 ""전산으로 닭 입고 숫자랑 생산 숫자 트래킹해서 유통기한 내 관리한다.... ",https://www.ngetnews.com/news/articleView.html?idxno=409736,https://www.ngetnews.com/news/articleView.html?idxno=409736,"Fri, 05 Aug 2022 07:02:00 +0900"
105,[비바100] 간편한 레시피로 근사한 요리를 홈스토랑에서!,④ 팬에 올리브오일 적당량을 두르고 편마늘을 넣어 중불에서 가볍게 볶아 마늘 기름을 만들어 준다.⑤ 마늘이 노릇하게 익기 시작하면 준비한 채소들을 모두 넣고 볶아준다.⑥ 채소가 가볍게 오일에 코팅이 되면... ,https://www.viva100.com/main/view.php?key=20220803010000290,https://www.viva100.com/main/view.php?key=20220803010000290,"Fri, 05 Aug 2022 07:02:00 +0900"
106,영국 중앙은행도 27년 만에 ‘금리 빅스텝’,게다가 기름 값 상승으로 연말 물가 상승률은 13%에 달할 것이라고 BOE는 전망했다. 경기 침체 가능성에도 불구하고 큰 폭의 금리 인상을 단행한 배경이다. BOE는 영국 경제가 4분기에 침체 국면에 접어들고 내년 내내... ,https://www.chosun.com/economy/economy_general/2022/08/05/55KNR2LRGNE3VP6JTN55KCEF3A/?utm_source=naver&utm_medium=referral&utm_campaign=naver-news,https://n.news.naver.com/mnews/article/023/0003708057?sid=101,"Fri, 05 Aug 2022 03:02:00 +0900"
107,"[고영의 문헌 속 ‘밥상’] 오랜 친구 같은 먹을거리, 들깨","들기름, 들깨즙, 들깨가루 등이 또한 한국인의 일상에 자리를 잡고 있다. 들기름의 한자어는 ‘법유(法油)’이다. 법유에는 ‘법식에 따라 엄격한 품질 관리를 거쳐 나온 기름’이라는 뜻이 깃들어 있다. 엄격한 관리가... ",https://www.khan.co.kr/opinion/column/article/202208050300035,https://n.news.naver.com/mnews/article/032/0003164671?sid=110,"Fri, 05 Aug 2022 03:02:00 +0900"
108,"[매경데스크] 원가 공개, 그 달콤한 유혹","이명박 정부 시절 당시 최중경 지식경제부 장관은 ""내가 원래 회계사 출신""이라며 기름값 원가를 직접 계산해보겠다고 정유회사를 압박했다. 우리나라 기름값이 경제협력개발기구(OECD) 선진국에 비해 과도하게 높은 것은... ",http://news.mk.co.kr/newsRead.php?no=689032&year=2022,https://n.news.naver.com/mnews/article/009/0005000654?sid=110,"Fri, 05 Aug 2022 00:08:00 +0900"
109,"[단독] 중고차값 떨어졌다더니…'가격역전' 쏘렌토·카니발, 신차보다 300만원...",엔카닷컴은 여름휴가철 성수기에 해당하는 7월에도 가격 상승 피로감과 함께 금리 인상과 기름 값 폭등까지 맞물리면서 소비 심리가 위축되고 시세도 하락세를 보였다고 분석했다. 엔카닷컴은 이달 들어서는... ,http://news.mk.co.kr/newsRead.php?no=688702&year=2022,https://n.news.naver.com/mnews/article/009/0005000610?sid=103,"Thu, 04 Aug 2022 19:29:00 +0900"
110,휴가철에도 줄어든 美 기름 수요…국제유가 5개월새 27% '뚝',“기름을 넣고 100달러짜리 영수증을 보게 되는 게 너무 공포스럽습니다.” 톰 클로자 오피스넷 글로벌... 그는 “미국 휘발유 가격이 갤런(약 3.8L)당 5달러를 넘어서자 대부분 사람들이 기름값을 견디지 못하고 자동차... ,https://www.hankyung.com/international/article/2022080480161,https://n.news.naver.com/mnews/article/015/0004733077?sid=104,"Thu, 04 Aug 2022 17:42:00 +0900"
111,"日후생성, 일제 강제동원피해자에 77년 만에 ‘931원’ 송금",특히 일본 정부는 한국의 강제동원 피해자들에게만 이같은 악의적인 모욕을 가한 것으로 알려져 강제동원 피해자들의 분노에 기름을 끼얹고 있다. 일본 정부는 1973년 후생연금보험법을 개정해 화폐가치 변동에 대한... ,http://news.tf.co.kr/read/national/1956560.htm,https://n.news.naver.com/mnews/article/629/0000165065?sid=102,"Thu, 04 Aug 2022 16:10:00 +0900"
112,"유니세프, 특별 영양 치료 식품 가격 인상으로 타격","유니세프는 이미 분유와 식물성 기름, 땅콩 등 치료 식품의 모든 재료는 물론 포장재 값까지 오르고 있다며 그 타격을 우려합니다. [월드비젼 지역 프로그램 코디네이터 : ""만약 우리가 보유한 특별 영양 치료 식품을 다... ",https://news.kbs.co.kr/news/view.do?ncd=5525397&amp;ref=A,https://n.news.naver.com/mnews/article/056/0011314824?sid=104,"Thu, 04 Aug 2022 12:55:00 +0900"
113,고유가로 정유사들 이익 급증…가계는 에너지값 시름,시민들은 높아진 기름과 가스값 때문에 고통이 커지고 있는데요. 반면 정유사들은 지난 분기 사상 최대의 이익을 올린 것으로 나타났습니다. 불로소득 환수 논의가 가열될 것으로 보입니다. 파리 유원중 특파원입니다.... ,https://news.kbs.co.kr/news/view.do?ncd=5525383&amp;ref=A,https://n.news.naver.com/mnews/article/056/0011314811?sid=104,"Thu, 04 Aug 2022 12:29:00 +0900"
114,[조성관의 세계인문여행] 내 인생의 '피시앤칩스',나의 결론은 튀김반죽과 기름 때문이다. 기름 범벅으로 내놓는 피시앤칩스에서는 누구라도 맛을 음미하기 어려울 것이다. 2018년 호주의 저명한 식물학자 데이비드 구달(1914~2018)이 104세를 일기로 스위스 바젤에서... ,https://www.news1.kr/articles/4762464,https://n.news.naver.com/mnews/article/421/0006259191?sid=110,"Thu, 04 Aug 2022 12:10:00 +0900"
115,고유가로 정유사들 이익 급증…가계는 에너지값 시름,시민들은 높아진 기름과 가스값 때문에 고통이 커지고 있는데요. 반면 정유사들은 지난 분기 사상 최대의 이익을 올린 것으로 나타났습니다. 불로소득 환수 논의가 가열될 것으로 보입니다. 파리 유원중 특파원입니다.... ,https://news.kbs.co.kr/news/view.do?ncd=5525306&amp;ref=A,https://n.news.naver.com/mnews/article/056/0011314754?sid=104,"Thu, 04 Aug 2022 10:45:00 +0900"
116,"유니세프, 특별 영양 치료 식품 가격 인상으로 타격","유니세프는 이미 분유와 식물성 기름, 땅콩 등 치료 식품의 모든 재료는 물론 포장재 값까지 오르고 있다며 그 타격을 우려합니다. [월드비젼 지역 프로그램 코디네이터 : ""만약 우리가 보유한 특별 영양 치료 식품을 다... ",https://news.kbs.co.kr/news/view.do?ncd=5525200&amp;ref=A,https://n.news.naver.com/mnews/article/056/0011314699?sid=104,"Thu, 04 Aug 2022 09:58:00 +0900"
117,아파트값 떨어져도 분양가는 오른다… 오르고 또 오른 건자재,민주노총 화물연대 파업으로 발생한 운송·물류비·인건비 상승 등도 가격인상에 기름을 부었다. 이처럼 시멘트가격이 줄줄이 인상되면 자연스럽게 레미콘 가격 상승으로 이어질 가능성이 높다. 레미콘업계는 올 2월... ,http://www.seoulwire.com/news/articleView.html?idxno=476740,http://www.seoulwire.com/news/articleView.html?idxno=476740,"Thu, 04 Aug 2022 09:36:00 +0900"
118,"[시승]고유가 시대 영웅, 기아 스포티지 LPI",-스포티지 상품성 그대로 누리는 높은 경제성 잠시 안정은 됐지만 전쟁으로 인한 역대급 기름 값에 놀란 사람이 적지 않다. 그러다보니 자연스럽게 변동성이 적은 연료비가 적게 드는 차로 눈길을 돌린다. 때마침... ,http://autotimes.hankyung.com/apps/news.sub_view?popup=0&nid=02&c1=02&c2=02&c3=00&nkey=202208040830321,http://autotimes.hankyung.com/apps/news.sub_view?popup=0&nid=02&c1=02&c2=02&c3=00&nkey=202208040830321,"Thu, 04 Aug 2022 09:10:00 +0900"
119,"[데스크리포트 8월] 윤석열정부 스타 장관 누구, 팬도 안티도 같이 는다",여기에 경찰대 졸업 후 경위 임용이 특혜라고 발언까지 내놔 불에 기름을 붓는 모양새가 됐다. 이 장관이 경찰국 신설을 강행하자 민주당은 장관 탄핵소추안 또는 해임건의안 발의를 검토하는 등 강경한 태도로 맞서고... ,https://www.businesspost.co.kr/BP?command=article_view&num=288923,https://www.businesspost.co.kr/BP?command=article_view&num=288923,"Thu, 04 Aug 2022 08:44:00 +0900"
120,고유가로 정유사들 이익 급증…가계는 에너지값 시름,시민들은 높아진 기름과 가스값 때문에 고통이 커지고 있는데요. 반면 정유사들은 지난 분기 사상 최대의 이익을 올린 것으로 나타났습니다. 불로소득 환수 논의가 가열될 것으로 보입니다. 파리 유원중 특파원입니다.... ,https://news.kbs.co.kr/news/view.do?ncd=5524961&amp;ref=A,https://n.news.naver.com/mnews/article/056/0011314504?sid=104,"Thu, 04 Aug 2022 06:37:00 +0900"
121,[뒤끝토크] 효과분석 없는 ‘유류세 인하법’⋯소비자에 혜택 돌아갈까,“지금까지의 유류세 인하가 기름 값 안정에 효과가 있는지 살펴보셨습니까? 실제로 누구에게 혜택이 가는지는 조사해보셨습니까?” 지난 2일 국회 본회의장에서는 유류세 탄력세율을 30%에서 50%로 확대하는 법안이... ,https://www.asiatime.co.kr/article/20220803500207,https://www.asiatime.co.kr/article/20220803500207,"Thu, 04 Aug 2022 05:04:00 +0900"
122,55보급창 이전해도 문제... 토양 오염 정화는?,◀앵커▶ 동구 범일동 미55보급창 주변 토양에서 기름과 1급 발암물질이 무더기로 검출됐다는 환경부 조사... 양의 기름과 발암물질이 토양으로 스며들었다는 겁니다. 환경부가 55보급창 테두리를 따라 토양을 조사한... ,https://busanmbc.co.kr/article/vbdRNPaV12TcB9LRh6,https://busanmbc.co.kr/article/vbdRNPaV12TcB9LRh6,"Wed, 03 Aug 2022 21:16:00 +0900"
123,[이슈체크] 전기차 배터리 구독으로 전기차 구매비 낮춘다…어떻게 가능할까?,"충전, 쉽게 말하면 주유소 같은 기름 유통사업. 그 과정에서 양사에, 양 업계 간에 큰 전쟁이 벌어지게... 아무래도 유지 비용이 훨씬, 요즘 기름값이 워낙 비싸지니까 유지비용이 좀 덜어질 거라는 기대감 때문에 더 많이... ",https://biz.sbs.co.kr/article_hub/20000074780?division=NAVER,https://n.news.naver.com/mnews/article/374/0000297492?sid=101,"Wed, 03 Aug 2022 19:11:00 +0900"
124,포항 오지 기계면 상수도 소외가구의 호소,"그는 ""이사 온 첫날부터 물에서 이상한 기름냄새가 났고 물로 씻고 나면 몸에 하얀 석회가루가 묻어나왔다""면서 ""예전에는 마을 전체에 상수도가 없어 포기하려 했는데, 포항시에서 지난해 인근 구지리와 관천리 집단 거주... ",http://www.hidomin.com/news/articleView.html?idxno=490809,http://www.hidomin.com/news/articleView.html?idxno=490809,"Wed, 03 Aug 2022 18:10:00 +0900"
125,오이지를 담다가 시어머니가 숨겨둔 돌멩이가 생각났다,"앙상하게 구부러진 나무처럼 모로 누운 엄니의 쪽진 머리에서 동백기름 냄새가 났다. ""엄니!"" ""왜?"" 금방 코 고는 소리를 들었는데 바로 대답이 들렸다. 나는 엄니를 불러놓고 실없이 웃었다. 굽은 몸을 뒤채이며 왜 안 자고... ",http://www.ohmynews.com/NWS_Web/View/at_pg.aspx?CNTN_CD=A0002854894&CMPT_CD=P0010&utm_source=naver&utm_medium=newsearch&utm_campaign=naver_news,https://n.news.naver.com/mnews/article/047/0002361915?sid=103,"Wed, 03 Aug 2022 17:30:00 +0900"
126,"""인동선 다시 뚫린다며!""…의왕·안양 집값, 날개 없는 추락",사업성이 문제로 지적되는 가운데 인동선 총 사업비 증액 문제도 기름을 부었다. 당초 2조8329억원이었던 총 사업비가 인건비와 자재값 인상 등 여파로 3조6000억원을 넘어설 것으로 알려지면서 감사원은 국토부에... ,https://realty.chosun.com/site/data/html_dir/2022/08/03/2022080301919.html,https://realty.chosun.com/site/data/html_dir/2022/08/03/2022080301919.html,"Wed, 03 Aug 2022 16:12:00 +0900"
127,치킨값 고공행진 속 대형마트 값싼 치킨 인기.. 프랜차이즈 반발,배달비와 튀김용 기름 가격이 폭등하며 프랜차이즈 가맹점의 수익이 매우 낮은데 대형마트가 경쟁 제품을 내놔 소상공인의 생계가 위협받을 수 있다는 이유다. 치킨 가격이 올라도 프랜차이즈 본사만 수익성이... ,https://www.straightnews.co.kr/news/articleView.html?idxno=214693,https://www.straightnews.co.kr/news/articleView.html?idxno=214693,"Wed, 03 Aug 2022 09:14:00 +0900"
128,"[이공순 Global Watch] 러시아 우크라이나 협상과 대만, 불쾌한 진실들",추출 기름을 반드시 섞도록 되어 있다) 규정을 연장했다. 미국산 옥수수의 절반은 이 혼합유 원료로 쓰인다.... 게다가 우크라이나는 농사를 위한 비료도 기름도 턱없이 부족하다. 전쟁 뒤 인구의 약 1/4 이상이 해외로 탈출... ,https://www.businesspost.co.kr/BP?command=article_view&num=288810,https://www.businesspost.co.kr/BP?command=article_view&num=288810,"Wed, 03 Aug 2022 08:50:00 +0900"
129,"국제유가 하락, 관세 인하에도 왜 계속 오르나…정점은?","""] 통계를 봐도 기름 가격은 7월 초를 정점으로 한 달 내내 내렸습니다. 사룟값 상승 등으로 급등했던 돼지고기 가격도 관세 인하 효과 등으로 6월보다는 내렸습니다. 석유류와 축산물만 보면 전달 대비 물가를 0.27%p 낮추는... ",https://news.kbs.co.kr/news/view.do?ncd=5523980&amp;ref=A,https://n.news.naver.com/mnews/article/056/0011313742?sid=101,"Wed, 03 Aug 2022 06:23:00 +0900"
130,[잡채기 칼럼] 비싼 물가… 차라리 '돈'을 먹으면?,"땔나무(薪)와 쌀(米), 기름(油), 소금(鹽), 장(醬), 식초(醋), 차(茶) 등이다. 모두 음식과 관련된 것들이다. 먹을 것을 중요시하는 중국 사람들이 만든 말이다. 그렇지만 누구에게나 '공통사항'이 아닐 수 없다. 먹지 않고도... ",https://www.newsclaim.co.kr/news/articleView.html?idxno=3009491,https://www.newsclaim.co.kr/news/articleView.html?idxno=3009491,"Wed, 03 Aug 2022 06:14:00 +0900"
131,[크리블] 최근 가장 핫한 섹터인 에너지는 여전히 저평가?,(참고로 옥시덴탈페트롤리움의 작년 배당성향은 36%였습니다.) 주유소에서 기름을 넣으면서 휘발유 값이 많이 올랐다고 아쉬워할 것 없습니다. 에너지 회사들에 투자해서 얻는 배당금으로 다시 기름을 넣으면 되니... ,https://biz.chosun.com/opinion/expert_column/2022/08/03/TDHGQSACN5GG3EMSO2DAJC6FWY/?utm_source=naver&utm_medium=original&utm_campaign=biz,https://n.news.naver.com/mnews/article/366/0000831670?sid=110,"Wed, 03 Aug 2022 06:01:00 +0900"
132,[심층인터뷰] 7월 물가 6.3%↑ ‘외환위기 후 최고’,"지난 달 물가를 밀어올린 건 역시, 기름 값입니까? [앵커] 말씀하신대로 그동안 물가 상승을 주도했던 에너지 가격, 상승폭이 둔화됐습니다. 국제유가도 하락세로 접어들었죠. 그런데 왜 물가는 계속 오릅니까? [앵커] 이런... ",https://news.kbs.co.kr/news/view.do?ncd=5523938&amp;ref=A,https://n.news.naver.com/mnews/article/056/0011313707?sid=101,"Tue, 02 Aug 2022 23:45:00 +0900"
133,국제유가 하락·관세 인하에도 왜 계속 오르나…정점은?,"""] 통계를 봐도 기름 가격은 7월 초를 정점으로 한 달 내내 내렸습니다. 사룟값 상승 등으로 급등했던 돼지고기 가격도 관세 인하 효과 등으로 6월보다는 내렸습니다. 석유류와 축산물만 보면 전달 대비 물가를 0.27%p 낮추는... ",https://news.kbs.co.kr/news/view.do?ncd=5523791&amp;ref=A,https://n.news.naver.com/mnews/article/056/0011313568?sid=101,"Tue, 02 Aug 2022 21:25:00 +0900"
134,도내 파프리카 백합 수출 농가 5중고,"기름값, 비료, 인건비가 크게 오른데다 환율 때문에 앉아서 손해를 보고 있는 상황에서 최근 질병까지 돌고... 여기에 기름과 비료, 인건비는 크게 올랐지만 파프리카 가격이 손익분기점에도 못미칠 정돕니다. [그래픽]... ",https://www.mbceg.co.kr/post/98906,https://www.mbceg.co.kr/post/98906,"Tue, 02 Aug 2022 20:42:00 +0900"
135,두 달 연속 6%대 상승…모든 품목 다 올랐다,"기름값은 물론 식품값에 공과금, 또 각종 서비스 요금까지, 통계에 들어가는 모든 품목이 다 올랐습니다. 먼저 조기호 기자입니다. <기자> 서울 최저가 수준에 기름을 파는 주유소에 쉼 없이 차들이 들어옵니다.... ",https://news.sbs.co.kr/news/endPage.do?news_id=N1006846084&plink=ORI&cooper=NAVER,https://n.news.naver.com/mnews/article/055/0000990217?sid=101,"Tue, 02 Aug 2022 20:12:00 +0900"
136,대구·경북 기름값 4주 연속 하락..체감 엇갈려,기름을 넣으려는 차량이 줄지어 서 있습니다. 휘발유 가격이 지역 내 최저가로 알려져 유명세를 탄 겁니다. 리터당 휘발윳값은 1천747원으로 도내 평균가격보다 120백원 넘게 저렴합니다. 고공행진을 이어가던 기름값... ,https://bit.ly/3BzEHPa,https://bit.ly/3BzEHPa,"Tue, 02 Aug 2022 18:26:00 +0900"
137,[취재파일] 인플레이션을 잡으려면 임금을 동결시켜라!??,"실제로, 현재 러시아의 우크라이나 침공으로 발생한 연료 및 곡물 시장에서의 공급 충격은 1970년대 오일 쇼크로 인한 스태그플레이션과 닮아 있는데, 임금 인상이 물가 상승에 기름이라도 붓는다면 그 충격은... ",https://news.sbs.co.kr/news/endPage.do?news_id=N1006846003&plink=ORI&cooper=NAVER,https://n.news.naver.com/mnews/article/055/0000990197?sid=101,"Tue, 02 Aug 2022 17:57:00 +0900"
138,'붐비는 주유소',가파른 물가상승률 속에도 휘발윳값은 안정세를 찾아가는 가운데 2일 대구 시내 한 주유소가 1천600원대에 휘발유를 팔자 기름을 넣으려는 차들로 붐비고 있다. 2022.8.2,https://www.yna.co.kr/view/PYH20220802153700053?input=1196m,https://n.news.naver.com/mnews/article/001/0013350282?sid=102,"Tue, 02 Aug 2022 16:39:00 +0900"
139,'붐비는 주유소',가파른 물가상승률 속에도 휘발윳값은 안정세를 찾아가는 가운데 2일 대구 시내 한 주유소가 1천600원대에 휘발유를 팔자 기름을 넣으려는 차들로 붐비고 있다. 2022.8.2,https://www.yna.co.kr/view/PYH20220802153900053?input=1196m,https://n.news.naver.com/mnews/article/001/0013350283?sid=102,"Tue, 02 Aug 2022 16:39:00 +0900"
140,'붐비는 주유소',가파른 물가상승률 속에도 휘발윳값은 안정세를 찾아가는 가운데 2일 대구 시내 한 주유소가 1천600원대에 휘발유를 팔자 기름을 넣으려는 차들로 붐비고 있다. 2022.8.2,https://www.yna.co.kr/view/PYH20220802153800053?input=1196m,https://n.news.naver.com/mnews/article/001/0013350281?sid=102,"Tue, 02 Aug 2022 16:39:00 +0900"
141,'붐비는 주유소',가파른 물가상승률 속에도 휘발윳값은 안정세를 찾아가는 가운데 2일 대구 시내 한 주유소가 1천600원대에 휘발유를 팔자 기름을 넣으려는 차들로 붐비고 있다. 2022.8.2,https://www.yna.co.kr/view/PYH20220802154000053?input=1196m,https://n.news.naver.com/mnews/article/001/0013350284?sid=102,"Tue, 02 Aug 2022 16:39:00 +0900"
142,원유값 하락세...충청물가 진정되나,지역 내 기름값발 고물가 현상이 소폭 해소될 것으로 기대된다. 1일(현지시간) 뉴욕상업거래소에서 9월물... 이와 함께 정부의 유류세 최대인하의 영향이 본격화된 것도 기름값 하락을 이끌었다. 현재 국내 휘발윳값도... ,http://www.ggilbo.com/news/articleView.html?idxno=926351,http://www.ggilbo.com/news/articleView.html?idxno=926351,"Tue, 02 Aug 2022 16:06:00 +0900"
143,"""정유사만 혜택""⋯‘유류세 인하법’ 통과 속 용혜인 의원, 이유 있는 ‘반대...",지금까지 유류세 인하가 기름 값 안정에 효과가 있는지 살펴보셨습니까? 실제 누구에게 혜택이 가는지는 조사해보셨습니까? 세금은 깎아줬다는데 요지부동인 기름 값에 국민들이 품고 있는 의구심을 해소하기 위해... ,https://www.asiatime.co.kr/article/20220802500160,https://www.asiatime.co.kr/article/20220802500160,"Tue, 02 Aug 2022 16:02:00 +0900"
144,"[김박사 진단] CPI 물가 폭탄과 추경호 부총리 "" 추석 지나면 피크 아웃""",물가 폭등에 기름을 부은 것은 전기·가스·수도 등 공공요금 이다. 공공요금은 1년 전보다 15.7% 상승해 물가... 이 부담은 결국 물건 값 인상으로 연결된다. 전기요금 상승이 기업 입장에선 원가 상승 요인으로 작용할... ,http://www.g-enews.com/ko-kr/news/article/news_all/2022080212193316664a01bf698f_1/article.html,http://www.g-enews.com/ko-kr/news/article/news_all/2022080212193316664a01bf698f_1/article.html,"Tue, 02 Aug 2022 13:26:00 +0900"
145,치솟는 기름값·기약 없는 출고…'QM6 LPe' 뜬다,뉴스토마토 = 황준익 기자 | 기름 값이 치솟으면서 액화석유가스(LPG) 차량이 주목받고 있다. 특히 국내 LPG차 중 가장 인기가 높은 르노코리아자동차의 'QM6 LPe'에 주문이 몰리고 있다. 2일 업계에 따르면 QM6는 누적... ,http://www.newstomato.com/ReadNews.aspx?no=1138530&inflow=N,http://www.newstomato.com/ReadNews.aspx?no=1138530&inflow=N,"Tue, 02 Aug 2022 10:02:00 +0900"
146,지나칠 정도로 싼 치킨 가격… 대한민국 치킨 프랜차이즈들이 발칵 뒤집혔다,"숙련된 사업자가 노하우가 담긴 조리법으로 좋은 기름에 냉장닭을 튀겨 만든 치킨과 냉동닭 치킨의 맛과 육향은 다르다""며 ""홈플러스의 공격적인 마케팅 배경(영업이익 악화 등)을 알고 있어 이해는 되지만 둘을 같은... ",https://www.wikitree.co.kr/articles/776859,https://www.wikitree.co.kr/articles/776859,"Tue, 02 Aug 2022 09:56:00 +0900"
147,"[기고] 4차 산업혁명의 원유인 데이터, 공짜 아니다 / 조덕호 대구대 교수","물건 살 때도 내야하는 개인정보…공짜 아냐 전 세계는 지금 원윳값 폭등으로 큰 몸살을 앓고 있는데, 주유소에 가서 자동차에 기름을 넣으면서 돈을 내지 않거나 오히려 돈을 달라고 하면 미친 사람 취급을 받거나 아니면... ",https://www.seoul.co.kr/news/newsView.php?id=20220802500020&wlog_tag3=naver,https://n.news.naver.com/mnews/article/081/0003291582?sid=110,"Tue, 02 Aug 2022 09:22:00 +0900"
148,7월 소비가물가 6.3% 상승... 23년 8개월 만에 최대,농축산물·기름·외식값 큰 폭 상승...생활물가 7.9% ↑ 지난달 소비자물가가 6.3% 오르며 23년 8개월 만에 최대 상승폭을 기록했다. 통계청이 2일 발표한 '7월 소비자물가동향'에 따르면 지난달 소비자는 지난해... ,http://www.womennews.co.kr/news/articleView.html?idxno=226492,https://n.news.naver.com/mnews/article/310/0000098989?sid=101,"Tue, 02 Aug 2022 08:50:00 +0900"
149,7월 소비자물가 6.3%↑…농축산물·기름·외식값 다 올랐다(상보),"22일 오전 서울의 한 재래시장에서 시민이 장을 보고 있다. (사진=연합뉴스) 지난달 소비자물가가 1년 전보다 6.3% 올라 23년 8개월만에 가장 큰 상승폭을 보였다. 농축수산물 물가부터 전기·수도·가스 요금, 외식... ",http://www.edaily.co.kr/news/newspath.asp?newsid=01397286632423384,https://n.news.naver.com/mnews/article/018/0005281840?sid=101,"Tue, 02 Aug 2022 08:31:00 +0900"
150,[우리동네 숨은보석 핫플을 찾아서·(16)] 수원 망포역 음식문화거리 추천식당...,종업원이 기름을 살짝 부어주면 '불쇼'를 볼 수 있다는 것도 재미라면 재미다. 지금 같은 여름철이면 야외... 매일 국내산 미꾸라지로 직접 끓이고 직접 만든 다양한 반찬은 식욕을 돋운다.기름기 많은 튀긴 음식에 질렸을... ,http://www.kyeongin.com/main/view.php?key=20220703010000196,http://www.kyeongin.com/main/view.php?key=20220703010000196,"Mon, 01 Aug 2022 21:28:00 +0900"
151,"[연속1]도내 파프리카, 백합 수출 농가 5중고","기름값, 비료, 인건비가 크게 오른데다 환율 때문에 앉아서 손해를 보고 있는 상황에서 최근 질병까지 돌고... 여기에 기름과 비료, 인건비는 크게 올랐지만 파프리카 가격이 손익분기점에도 못미칠 정돕니다. [그래픽]... ",https://www.mbceg.co.kr/post/98865,https://www.mbceg.co.kr/post/98865,"Mon, 01 Aug 2022 20:42:00 +0900"
152,휘발유 가격 1천800원대…경유값 인하는 더뎌,"정부는 최근 국제정서를 미뤄볼 때 기름 값의 하락세는 어느 정도 지속되겠지만, 하락 폭은 다소 줄어들... 통상적으로 국내 기름 값은 2~3주의 시차를 두고 선행 지표인 국제유가를 따라가는 경향이 있어 당분간... ",http://www.domin.co.kr/news/articleView.html?idxno=1391170,http://www.domin.co.kr/news/articleView.html?idxno=1391170,"Mon, 01 Aug 2022 20:04:00 +0900"
153,고물가·고환율·고금리 속 韓경제 25년만에 쌍둥이 적자 위기,달러당 원화값 하락이 물가 상승세에 기름을 부을 수 있다는 점도 문제다. 원화 가치가 내려가면 수입물가가 오른다. 무역수지 적자가 장기화할 경우 금융시장 불안도 가중시킬 수 있다.,http://news.mk.co.kr/newsRead.php?no=677365&year=2022,https://n.news.naver.com/mnews/article/009/0004999076?sid=101,"Mon, 01 Aug 2022 18:06:00 +0900"
154,"칼국수 가격 내리려나…밀값, 우크라 전쟁 이전으로","폭등에 기름을 부었다. 지난달 31일 월스트리트저널에 따르면 러시아와 우크라이나는 전 세계 밀 수출의 28%, 옥수수 수출의 15%를 담당한다. 또 러시아는 농업용 비료의 주요 수출국이고, 우크라이나는 해바라기 씨 기름... ",http://news.mk.co.kr/newsRead.php?no=677275&year=2022,https://n.news.naver.com/mnews/article/009/0004999024?sid=101,"Mon, 01 Aug 2022 17:49:00 +0900"
155,기름 싼 곳 찾아 삼만리…대구 저가 주유소 ‘북적’,“기름 값 부담이 커 1원이라도 값이 싼 주유소를 찾아 다닙니다.” 고유가 쓰나미를 겪은 대구지역 운전자들이 하나같이 내뱉은 말이다. 이들이 향하는 곳은 지역 평균가보다 100~200원 저렴한 저가 주유소. 저가... ,http://www.idaegu.com/newsView/idg202208010054,http://www.idaegu.com/newsView/idg202208010054,"Mon, 01 Aug 2022 16:18:00 +0900"
156,"""기름값 한달째 떨어졌다지만 체감은 글쎄""","기름값 하락 정부가 지난달 유류세 인하 조치 폭을 37%로 늘리면서, 국내 주유소의 휘발유 평균 가격이 하락한 것으로 나타났다. 1일 광주 한 주유소에서 리터당 1700원대 가격 표지판을 보고 기름을 넣으려는 차량들이... ",http://www.mdilbo.com/detail/DDAuq0/675158,http://www.mdilbo.com/detail/DDAuq0/675158,"Mon, 01 Aug 2022 15:48:00 +0900"
157,"[SR유통] 유통업계, 편도족·밀프렙족 잡아라","오븐에 3번 구워 기름을 줄였고 무항생제 오리만을 사용했다. 보존료(소브산칼륨)나 산화방지제(에리토브산나트륨)도 넣지 않았다. 한솥 관계자는 ""한솥 도시락은 대부분 밥과 함께 다양한 반찬이 구성돼 있어 든든한... ",http://www.srtimes.kr/news/articleView.html?idxno=117996,http://www.srtimes.kr/news/articleView.html?idxno=117996,"Mon, 01 Aug 2022 14:42:00 +0900"
158,"[유통가 레이더] hy, 프리미엄 녹용 시장 공략... 발휘 '발효녹용 녹용천고' ...",또한 롯데마트와 함께 친환경 종이 포장재와 콩기름으로 인쇄한 패키지를 활용해 친환경 선물세트를... 오뚜기가 기름에 튀기지 않은 당면을 사용한 '컵누들' 신제품 2종을 출시했다. 이번 컵누들 신제품은 '짜장맛'과... ,http://www.greened.kr/news/articleView.html?idxno=296985,http://www.greened.kr/news/articleView.html?idxno=296985,"Mon, 01 Aug 2022 11:00:00 +0900"
159,[창간 23주년 발행사] 위기는 기회고 준비된 산업의 것이다,갈수록 치솟는 환율은 수입의존도가 큰 목재산업의 위기에 기름을 붓는 격입니다. 좁은 시장에 많은 업체들이 경쟁하면서 가격경쟁은 끝이 없고 품질경쟁은 요원합니다. 대체소재의 목재제품 견제는 더욱 심해지고... ,https://www.woodkorea.co.kr/news/articleView.html?idxno=60219,https://www.woodkorea.co.kr/news/articleView.html?idxno=60219,"Mon, 01 Aug 2022 10:02:00 +0900"
160,한지→합성수지→나무·대리석… 가격·시공기간 따라 ‘실용적 변신’,콩을 물에 불린 뒤 곱게 갈아서 들기름과 섞어서 장판지 위에 바르고 말리기를 여러 차례 반복하는 것이다.... 영어로 바니시(varnish)란 수지(樹脂·resin)와 건성유(공기에 노출되면 딱딱하게 굳는 기름)를 휘발성 용매에 녹여... ,http://www.munhwa.com/news/view.html?no=2022080101032412000001,https://n.news.naver.com/mnews/article/021/0002524460?sid=103,"Mon, 01 Aug 2022 09:21:00 +0900"
161,"나스닥은 올랐지만 기름값이 불안하다…사우디, 바이든에 '증산' 선물줄까[글...",3일 OPEC 증산 회의…기름 값 우려 재발할까 이번 주에도 시장과 연준에 결정에 영향을 미칠 만한 이벤트가 여러 개 예정돼 있습니다. 일단 실적발표는 S&P 500기업 가운데 148개 기업이 예정돼 있습니다. 실적 호조가... ,https://www.sedaily.com/NewsView/269MMZZ22W,https://n.news.naver.com/mnews/article/011/0004082352?sid=104,"Mon, 01 Aug 2022 06:51:00 +0900"
162,기름 값 4주 연속 하락세,천정부지로 치솟던 기름 값이 4주 연속 하락세를 지속하고 있다. 30일 오전 경산시 와촌면 한 주유소에서 휘발유가 1천700원대에 판매되고 있다.,http://www.kbmaeil.com/news/articleView.html?idxno=935459,http://www.kbmaeil.com/news/articleView.html?idxno=935459,"Sun, 31 Jul 2022 20:26:00 +0900"
163,"""두마리 9900원 맛도 뛰어나"" vs ""생닭값도 안되는 미끼상품""","숙련된 사업자가 노하우가 담긴 조리법으로 좋은 기름에 냉장닭을 튀겨 만든 치킨과 냉동닭 치킨의 맛과 육향은 다르다""며 ""홈플러스의 공격적인 마케팅 배경(영업이익 악화 등)을 알고 있어 이해는 되지만 둘을 같은... ",http://www.fnnews.com/news/202207311828089824,https://n.news.naver.com/mnews/article/014/0004875744?sid=101,"Sun, 31 Jul 2022 18:29:00 +0900"
164,"""기름 가득이요"" 휘발윳값 1800원대로…가격 더 떨어진다고?",국내 휘발유 등 기름값 하락 추세는 한동안 이어질 전망이다. 통상적으로 국제유가는 2~3주 정도 시차를 두고 국내 석유제품 가격에 반영된다. 최근 국제유가가 한 달여 만에 20% 가까이 하락한 것을 고려하면... ,http://news.mt.co.kr/mtview.php?no=2022073115064144939,https://n.news.naver.com/mnews/article/008/0004777400?sid=101,"Sun, 31 Jul 2022 16:08:00 +0900"
165,20년 독재자 몰아낸 스리랑카 시민들은 왜 “절반의 성공”이라 말할까[인터뷰...,"그렇게 기름을 사려고 줄을 서 있다가 죽은 사람들도 여럿 나왔다. 차를 타고 직장에 갈 수 없으니 재택근무를 하게 됐는데, 하루에 평균 5~6시간, 심지어는 13시간씩 정전이 일어난다. ‘정상적인 근무’는 말이 안 되는... ",https://www.khan.co.kr/world/world-general/article/202207311600001,https://n.news.naver.com/mnews/article/032/0003163513?sid=104,"Sun, 31 Jul 2022 16:01:00 +0900"
166,"[기자수첩]주유소 기름값, 오를땐 누리호-내려갈땐 거북이?","상품 가격은 통상적으로 소비자들에 의해 결정되지만, 국내 기름값은 공급자가 좌지우지 한다는 인식이... 기름값이 상승하는 상황에서 소비자는 최대한 먼저 주유하는 것이 유리하다. 내일 보다 오늘 기름을 넣는 것이 더... ",http://www.mediapen.com/news/view/742658,http://www.mediapen.com/news/view/742658,"Sun, 31 Jul 2022 14:42:00 +0900"
167,이정미 박사의 성경 속 상식③ 베다니 마리아의 나드향유,(당시 유대인은 특별히 초대한 손님의 머리에 기름을 부어 존경심을 표현했다고 한다.) 마리아는 항상 주님... 나도 기름이 향기를 뿜어냈구나”(아가 1:12)라고 예언한 노래를 무의식적으로 성취시켰다. 요컨대 사랑은... ,https://news.kmib.co.kr/article/view.asp?arcid=0017328519&code=61221311&cp=nv,https://n.news.naver.com/mnews/article/005/0001543359?sid=103,"Sun, 31 Jul 2022 13:57:00 +0900"
168,휘발유값 4주 연속 하락…대구 휘발유·경유 전국 '최저',이에 따라 휘발유 전국 평균 가격은 2달여만에 2000원 밑으로 떨어지는 등 유류세 인하와 국제유가 하락으로 국내 기름 판매 가격은 내림세를 보이고 있다. 정유업계 및 전문가들은 다음 달까지 국내 기름값이... ,https://www.sisa-news.com/news/article.html?no=207435,https://www.sisa-news.com/news/article.html?no=207435,"Sun, 31 Jul 2022 13:44:00 +0900"
169,기름 값 하락세 지속,유류세 인하 폭 확대와 국제 유가 하락세가 지속되고 31일 오전 경부고속도로 부산방향 만남의 광장 주유소에서 차량들이 주유를 하기 위해 줄 서 있다. 한국석유공사 오피넷에 따르면 7월 넷째 주 주유소 휘발유... ,http://www.newsis.com/view/?id=NISI20220731_0019087324,https://n.news.naver.com/mnews/article/003/0011336660?sid=101,"Sun, 31 Jul 2022 13:08:00 +0900"
170,[숲치유] 아주 사적인 숲의 일기 10,"출발 직전, 라운지에서 산뜻하게 감은 머리가 지성이라 금방 기름질 때쯤, 그때쯤 말이다. 나는 부모님의 감정 쓰레기통이었고, 착하고 듬직한 딸이어야 했다. 심지어 나는 아주 어린 시절부터 착한 딸 콤플렉스가 있었고... ",http://www.psychiatricnews.net/news/articleView.html?idxno=33356,http://www.psychiatricnews.net/news/articleView.html?idxno=33356,"Sun, 31 Jul 2022 08:02:00 +0900"
171,"경유 1,998원, 휘발유 1,916원…기름 값 하락세",,https://news.kbs.co.kr/news/view.do?ncd=5521665&amp;ref=A,https://n.news.naver.com/mnews/article/056/0011311900?sid=101,"Sat, 30 Jul 2022 12:07:00 +0900"
172,'에너지 보릿고개' 유럽…가로등도 꺼질 판,"석탄이나 기름 값 걱정도 없어요."" 프랑스는 문을 열고 냉방하는 상점에 벌금을 물릴 계획이고, 독일은 고통을 분담하자며 가스 부담금을 걷기로 했습니다. ▶ 인터뷰 : 로베르트 하벡 / 독일 경제장관 - ""각 가정의 평균... ",http://www.mbn.co.kr/pages/news/newsView.php?news_seq_no=4814238,https://n.news.naver.com/mnews/article/057/0001680402?sid=104,"Sat, 30 Jul 2022 09:21:00 +0900"
173,"개코원숭이, 메뚜기, 초파리도 알건만… 인간만 모르는 ‘식욕의 비밀’",초가공식품인지 확인하는 방법은 옥수수 시럽·수소화한 기름·가수분해한 단백질·향미 증진제·색소·유화제·점증제 등 일반 가정 주방에서 결코 또는 거의 쓰지 않는 식품 성분이나 첨가제가 들어있는지 살펴본다.... ,https://www.chosun.com/culture-life/food-taste/2022/07/30/I76J3XRZABCT5ECTSZBZ6R4C2U/?utm_source=naver&utm_medium=referral&utm_campaign=naver-news,https://n.news.naver.com/mnews/article/023/0003707005?sid=103,"Sat, 30 Jul 2022 03:01:00 +0900"
174,"[오창익의 뉴스공감] 김진애 ""지지율 추락인데 배현진 사퇴, 권성동 토사구팽...","수출 문제에서 문제가 되지 않을까, 러시아 기름 값, 이런 거를 불안하게 만들고요. 일본에 대해서도 일방적으로 하니까 그러니까 일본이 우리한테 이상한 소리하는 게 나타나니까 그것도 화가 나고 경제에 대해서는 특히... ",http://www.cpbc.co.kr/CMS/news/view_body.php?cid=828692&path=202207,http://www.cpbc.co.kr/CMS/news/view_body.php?cid=828692&path=202207,"Fri, 29 Jul 2022 21:00:00 +0900"
175,유류세 인하폭 50%로 확대…기름값 얼마나 싸지나?,"서민들의 물가 부담을 줄여주겠다며, 여야가 기름값에 붙는 세금의 인하 폭을 늘리기로 했습니다. 휘발윳값... 기름값을 아끼려는 운전자들의 발길이 이어집니다. [운전자] ""(지금도) 비싸죠. 조금만 더 싸면 좋겠는데... ",http://www.ichannela.com/news/main/news_detailPage.do?publishId=000000307514,https://n.news.naver.com/mnews/article/449/0000231234?sid=100,"Fri, 29 Jul 2022 19:53:00 +0900"
176,<딜링룸 백브리핑> 아보카도·커피·식용유 값 급등세 한풀 꺾여,"농산물 관련 데이터 기업 트리지에 따르면, 지난 5월 기준 인도의 해바라기 기름과 팜유 가격은 2월보다 각각 7%와 12%씩 하락했다. 같은 기간 방글라데시의 팜유 값은 25% 가까이 내렸다. 커피 가격도 내림세다.... ",http://news.einfomax.co.kr/news/articleView.html?idxno=4226597,http://news.einfomax.co.kr/news/articleView.html?idxno=4226597,"Fri, 29 Jul 2022 15:38:00 +0900"
177,"부안군의회, 2022 1차 추가경정예산안 심의 지상중계",전년 대비 70% 정도 기름값 상승에 따른 소요가 있는데 다행히 차량 수리가 적었다. 특장차의 특성상 차량의 고장율 등 높아 기름값을 별도 계산해서 세울 수 있으나 유지관리비가 불특정해서 정확히 알기 어려운 여건이... ,https://www.ibuan.com/news/articleView.html?idxno=37884,https://www.ibuan.com/news/articleView.html?idxno=37884,"Fri, 29 Jul 2022 11:58:00 +0900"
178,"애플·아마존, 최악 성적표에도 막판 주가 폭등한 이유","앤디 재시 아마존 CEO는 “기름 값과 에너지, 운송 비용의 지속적인 상승 압력에도 불구하고 우리는 비용을 통제하는 데 진전을 이뤘다”며 “특히 물류 창고 생산성을 높이는데 효과가 있었다”고 했다.... ",https://www.chosun.com/economy/tech_it/2022/07/29/2EVJ3OYFYJF6VACVBJKDW2JHTQ/?utm_source=naver&utm_medium=referral&utm_campaign=naver-news,https://n.news.naver.com/mnews/article/023/0003706870?sid=105,"Fri, 29 Jul 2022 07:25:00 +0900"
179,지역주유소 강자 자리매김…“역시 농협” 신뢰,"낭산농협, 개점 1년여만에 성과 기름값 저렴…올매출 40억 예상 전북 익산 낭산농협(조합장 김학림)... 낭산농협 주유소는 정품·정량의 기름을 합리적인 값에 제공하며 개점 1년여 만에 지역 주유소업계의 강자로... ",http://www.nongmin.com/article/ar_detail.htm?seq_id=360110,https://n.news.naver.com/mnews/article/662/0000004254?sid=102,"Fri, 29 Jul 2022 05:01:00 +0900"
180,[박찬일 셰프의 맛있는 미학] 마늘에 진심인 나라,"그들이 마늘 먹는 습관은 잘게 다져 쓰기도 하지만, 기름에 지진 후 꺼내 버리는 경우가 많아서 순수하게(?) 먹는 통계를 잡으면 차이가 더 클 것이다. 한발 더 나아가서 마늘을 익히지 않고 먹는 양을 통계낸다면 어떨까.... ",https://www.khan.co.kr/opinion/column/article/202207290300035,https://n.news.naver.com/mnews/article/032/0003163185?sid=110,"Fri, 29 Jul 2022 03:03:00 +0900"
181,[기자의 발] 여전히 파업 중...'하이트진로 이천 공장'에 무슨 일이?,"', '화물노동자 고혈 짜내 배 터지는 하이트진로 참이슬·테라 맥주 불매한다', '기름 값은 천정부지 운송비는... 이어 ""하이트진로 화물차주들은 운반비 자체가 동종업계보다 20~30% 정도 싸다""며 ""기름값이 오르면서... ",http://www.womentimes.co.kr/news/articleView.html?idxno=57265,http://www.womentimes.co.kr/news/articleView.html?idxno=57265,"Thu, 28 Jul 2022 20:06:00 +0900"
182,기고-셀프 주유 상식(Ⅰ),황영주/동창원 자동차운전전문학원 사무관리팀 학과 기능강사-셀프 주유 상식(Ⅰ) 기름 값이 겁나서 차 못타고 다니겠다고 이야기 하는 분들 많으시다. 그래서 그에 대비한 알뜰 지혜가 필요할 때가 요즈음이다. 오늘... ,http://www.gndomin.com/news/articleView.html?idxno=322625,http://www.gndomin.com/news/articleView.html?idxno=322625,"Thu, 28 Jul 2022 17:24:00 +0900"
183,파키스탄 에너지 발전 현황과 전망,파키스탄의 전기는 용광로 기름을 사용하여 생산되고 있기 때문에 고비용 생산 구조이며 구매자는 값비싼 전기 요금을 지불해야 한다. 농업 부문이 특히 에너지 위기의 직격탄을 맞고 있다. 농업... ,http://dream.kotra.or.kr/kotranews/cms/news/actionKotraBoardDetail.do?SITE_NO=3&MENU_ID=410&CONTENTS_NO=1&bbsGbn=242&bbsSn=242&pNttSn=195235,http://dream.kotra.or.kr/kotranews/cms/news/actionKotraBoardDetail.do?SITE_NO=3&MENU_ID=410&CONTENTS_NO=1&bbsGbn=242&bbsSn=242&pNttSn=195235,"Thu, 28 Jul 2022 17:15:00 +0900"
184,"김진표 ""정부 예산편성 단계별로 국회 의견 반영 절차 필요""",그러면서 “국회는 20일 민생경제안정특별위원회를 구성했다”면서 “일단 국민의 기름 값과 직장인들의 점심 밥값 부담을 줄이는 방안부터 마련할 것”이라고 말했다. 아울러 중소기업 지원을 위한 납품단가연동제... ,https://www.sedaily.com/NewsView/268P5UZGHF,https://n.news.naver.com/mnews/article/011/0004081479?sid=100,"Thu, 28 Jul 2022 16:14:00 +0900"
185,한·일 어업협정이 몰고 온 부산공동어시장의 변화,"어선들 뿐 아니라 배에 기름을 채워주던 유조 펌프도, 고기상자를 실어올리던 컨베이어도 당분간은 휴업이다. 공동어시장 종사들은 물론 공동어시장에 기대어 살아가고 있는 수산업 관련 업종에 종사하는 사람들도... ",http://www.suhyupnews.co.kr/news/articleView.html?idxno=29493,http://www.suhyupnews.co.kr/news/articleView.html?idxno=29493,"Thu, 28 Jul 2022 12:58:00 +0900"
186,"트리지 ""일부 국가서 커피·식용유값 급등세 꺾여""","해바라기 기름과 팜유 가격이 각각 7%, 12% 하락했다. 같은 기간 방글라데시의 팜유 가격은 거의 25% 폭락했다.... 식물성 기름, 곡물, 설탕의 가격이 하락세를 견인했으나, 유제품과 육류 가격은 여전히 상승세라고 짚었다.... ",http://www.wowtv.co.kr/NewsCenter/News/Read?articleId=A202207280160&t=NN,https://n.news.naver.com/mnews/article/215/0001045511?sid=101,"Thu, 28 Jul 2022 11:38:00 +0900"
187,"[르포]""재룟값 때문에 올리자니 손님 눈치""…소상공인 '한계치'","이민주 남해인 기자 = ""설탕, 버터, 기름 등 빵에 들어가는 원재료 가격이 다 올랐어요. 가격이 안 오른 재료를 찾기가 더 힘드네요. 8년 동안 빵집을 하며 가격을 한 번도 올린 적이 없었습니다만 점점 손해가 심해서... ",https://www.news1.kr/articles/4756232,https://n.news.naver.com/mnews/article/421/0006245774?sid=101,"Thu, 28 Jul 2022 10:58:00 +0900"
188,"대홍코스텍, 정밀압연기술 국내 No 1…""철강 짜맞춰드립니다""","◈ 철저한 소재 관리…""하절기 3번까지 바른다"" 공장 입구에 들어서자마자 매케하고 기름진 냄새가 코를 찔렀다. 방청유(금속에 녹이 스는 것을 막기 위해 바르는 기름) 냄새다. 일반 스틸 서비스센터에서 맡아온 방청유... ",http://www.snmnews.com/news/articleView.html?idxno=501535,http://www.snmnews.com/news/articleView.html?idxno=501535,"Thu, 28 Jul 2022 09:52:00 +0900"
189,농협·고속도로 주유소 기름값 인하 폭에 담긴 의미,저렴하게 기름을 공급하는 제도'라고 소개되어 있다. 그런데 이런 설명이 농협 입장에서는 억울할 수도 있다.... 그런데 '기름값이 묘하다'는 이명박 전 대통령의 말 한마디에 정부는 알뜰 상표를 만들어 레드오션인... ,http://www.e-platform.net/news/articleView.html?idxno=74101,http://www.e-platform.net/news/articleView.html?idxno=74101,"Thu, 28 Jul 2022 08:12:00 +0900"
190,"치킨3사, 지난해 매출 1조3천억원...10%대 성장세 지속","bhc의 튀김기름 고가 논란이 공정위로 공이 넘어 갔다. 공정위에 제소한 전국가맹점주협의회, 민주사회를위한변호사모임, 참여연대 등에 따르면 bhc가 공급한 튀김기름은 1㎏당 공급가 환산 6050원이, 삼양사 4533원... ",http://www.joseilbo.com/news/news_read.php?uid=461882&class=17&grp=,https://n.news.naver.com/mnews/article/123/0002281809?sid=101,"Thu, 28 Jul 2022 08:02:00 +0900"
191,[경제포커스] 고유가 대책의 모범사례 ‘9유로 티켓’,"獨, 1만2000원 月 정기권으로 자가용 억제하고 대중교통 활성화 세금으로 기름값 낮추는 정책은 수요 늘려... 자가용 이용자를 대중교통으로 돌려 인플레의 주범인 기름값 상승을 억제하려는 정책은 아직 초기이긴... ",https://www.chosun.com/opinion/economic_focus/2022/07/28/VPW3C2Y6G5BLVA3EETUU22ZJ4A/?utm_source=naver&utm_medium=referral&utm_campaign=naver-news,https://n.news.naver.com/mnews/article/023/0003706532?sid=110,"Thu, 28 Jul 2022 03:04:00 +0900"
192,우려가 현실로… 미국 빅테크 실적 줄줄이 악화,"특히 기름 값 상승에 따른 운송비 증가, 임금 상승 등이 실적 악화에 직격탄이 됐을 것이라는 관측이다. 3분기에도 부진 지속할 듯 올 3분기에도 빅테크 상황은 크게 나아지지 않을 것으로 예상된다. 인플레이션에... ",https://www.chosun.com/economy/tech_it/2022/07/28/53F3MNT3SJFJJI66DZ2AFXO7NI/?utm_source=naver&utm_medium=referral&utm_campaign=naver-news,https://n.news.naver.com/mnews/article/023/0003706516?sid=105,"Thu, 28 Jul 2022 03:03:00 +0900"
193,[이재덕의 귀농연습] 왜 하필 철원 땅에 머물러서,"기름은 ℓ당 2000원을 넘어 매번 2만원씩 넣고, 아메리카노 한 잔도 4000원대로 올라 3000원대 커피전문점을... 전쟁과 코로나19로 비료값도 뛰고, 기름값도 뛰고, 운송비도 뛰고, 인건비도 뛰었는데 쌀값만 떨어졌다는 건... ",https://www.khan.co.kr/opinion/column/article/202207280300085,https://n.news.naver.com/mnews/article/032/0003162869?sid=110,"Thu, 28 Jul 2022 03:02:00 +0900"
194,가격 산정 방식 개편에…낙농가 “우유 생산 중단” 반발,"농장에서 두 달 동안 쓸 기름 1,000리터 값도 50%나 올라 150만 원이나 됩니다. [김성곤 / 젖소 농장주] ""현상태에서는 부채만 없으면 폐업하고 싶습니다. 돈도 안 되고 일은 일대로 힘들고…."" 낙농협회 측은 농가 평균 부채가... ",http://www.ichannela.com/news/main/news_detailPage.do?publishId=000000307152,https://n.news.naver.com/mnews/article/449/0000231083?sid=102,"Wed, 27 Jul 2022 19:37:00 +0900"
195,대구 기름 값 하락세…휘발유·경유 가격 편차는 심화,유류세 인하에 국내 기름값이 연일 하락 중인 가운데 대구에서 휘발유와 경유 가격 역전현상에 따른... 기름값 하락세는 유류세 인하 조치와 국제 유가 하락 추이가 큰 영향을 미쳤다. 유류세 폭은 이달부터... ,http://www.idaegu.com/newsView/idg202207270009,http://www.idaegu.com/newsView/idg202207270009,"Wed, 27 Jul 2022 19:04:00 +0900"
196,대구 기름 값…휘발유·경유 가격 편차는 심화,,http://www.idaegu.com/newsView/idg202207270050,http://www.idaegu.com/newsView/idg202207270050,"Wed, 27 Jul 2022 18:16:00 +0900"
197,근육병아리의 방구석 오마카세 - 여름 횟감 특집 : 확보 실패 편,"살에 기름이 없거나 이미 산란을 마친 개체는 홀쭉해져 먹잘 게 없어진다. 즉, 민어는 여름에 맛의 피크를... 아직은 좀 이르지만 선선한 바람이 부는 즈음에 기름이 오른 걸 소금 쳐서 오븐에 구우면, 미친놈이 된다. 이건... ",http://www.ddanzi.com/744576294,http://www.ddanzi.com/744576294,"Wed, 27 Jul 2022 16:38:00 +0900"
198,넘치는 팜유 재고에 골머리…인도네시아의 어설픈 시장 개입,인도네시아 정부의 어설픈 시장 개입 팜유를 추출하기 위한 기름야자를 모으고 있다.[사진=연합뉴스] 팜유는 기름야자나무(palm tree) 열매에서 추출한 식물성 기름이다. 값이 싸고 트랜스지방이 없어 쿠키나 인스턴트... ,https://www.ajunews.com/view/20220727070700884,https://www.ajunews.com/view/20220727070700884,"Wed, 27 Jul 2022 15:02:00 +0900"
199,"공정위로 간 bhc '고가 기름' 논란, 교촌·BBQ와 인상폭 왜 다를까","bhc 일부 가맹점주는 치킨 조리 시 사용하는 기름값 인상에 대해 반발해 얼마 전 bhc를 가맹사업법 위반... 9만원 정도 하던 식용유 값이 거의 15만원으로 오르면서 기름값만 한 달 200만원이 넘게 나오는데, 이러면... ",http://www.ekoreanews.co.kr/news/articleView.html?idxno=61979,http://www.ekoreanews.co.kr/news/articleView.html?idxno=61979,"Wed, 27 Jul 2022 14:28:00 +0900"
